debt_usd,claimant,theta_bps,mean_bps,p10_bps,show_up,bad_at_trigger,forfeit_bps,bid_depth_usd,mean_bps.bootstrap,mean_bps.history
100,sell,10500,-651.936,-1775.58,0.0485342,0.55584,173.441,119.841,-651.936,-482.13
100,sell,10750,-429.83,-1578.55,0.199571,0.411121,304.952,119.841,-429.83,-259.409
100,sell,11000,-207.906,-1380.61,0.373192,0.304782,464.562,119.841,-207.906,-36.8706
100,sell,11250,13.834,-1182.75,0.514968,0.226368,647.175,119.841,13.834,185.484
100,sell,11500,235.392,-985.284,0.625896,0.173396,842.647,119.841,235.392,407.657
100,sell,11750,456.767,-789.453,0.708033,0.132139,1048.4,119.841,456.767,629.646
100,sell,12000,677.959,-592.404,0.769552,0.105211,1259.45,119.841,677.959,851.454
100,sell,12250,898.969,-395.844,0.816394,0.0823069,1474.82,119.841,898.969,1073.08
100,sell,12500,1119.8,-200.767,0.851031,0.0623742,1695.92,119.841,1119.8,1294.52
100,sell,12750,1340.44,-4.10196,0.876577,0.0476786,1921,119.841,1340.44,1515.78
100,sell,13000,1560.9,192.371,0.899124,0.0380131,2148.66,119.841,1560.9,1736.85
100,sell,13250,1781.18,388.262,0.918925,0.0293443,2378.17,119.841,1781.18,1957.75
100,sell,13500,2001.28,584.86,0.932154,0.0222738,2609.15,119.841,2001.28,2178.46
100,sell,13750,2221.2,779.847,0.943418,0.0183813,2840.61,119.841,2221.2,2398.99
100,sell,14000,2440.93,977.011,0.954456,0.0147427,3072.61,119.841,2440.93,2619.33
100,sell,14250,2660.48,1173.98,0.962382,0.0119314,3304.73,119.841,2660.48,2839.5
100,sell,14500,2879.85,1369.29,0.968362,0.00959025,3537.11,119.841,2879.85,3059.48
100,sell,14750,3099.03,1564.76,0.97405,0.00769101,3769.75,119.841,3099.03,3279.28
100,sell,15000,3318.03,1761.64,0.979127,0.00632769,4002.61,119.841,3318.03,3498.9
100,hold,10500,-400.654,-1572.79,0.232216,0.55584,173.441,nan,-400.654,-223.875
100,hold,10750,-168.653,-1367.87,0.405404,0.411121,304.952,nan,-168.653,8.90889
100,hold,11000,63.3452,-1161.86,0.543767,0.304782,464.562,nan,63.3452,241.691
100,hold,11250,295.342,-955.793,0.649608,0.226368,647.175,nan,295.342,474.472
100,hold,11500,527.336,-749.991,0.729151,0.173396,842.647,nan,527.336,707.252
100,hold,11750,759.328,-545.741,0.784238,0.132139,1048.4,nan,759.328,940.032
100,hold,12000,991.319,-340.074,0.829171,0.105211,1259.45,nan,991.319,1172.81
100,hold,12250,1223.31,-134.772,0.860302,0.0823069,1474.82,nan,1223.31,1405.59
100,hold,12500,1455.29,69.1269,0.8855,0.0623742,1695.92,nan,1455.29,1638.37
100,hold,12750,1687.28,274.834,0.907285,0.0476786,1921,nan,1687.28,1871.14
100,hold,13000,1919.26,480.486,0.925497,0.0380131,2148.66,nan,1919.26,2103.92
100,hold,13250,2151.25,685.678,0.937287,0.0293443,2378.17,nan,2151.25,2336.69
100,hold,13500,2383.23,891.758,0.949143,0.0222738,2609.15,nan,2383.23,2569.47
100,hold,13750,2615.2,1096.3,0.9588,0.0183813,2840.61,nan,2615.2,2802.24
100,hold,14000,2847.18,1303.27,0.964864,0.0147427,3072.61,nan,2847.18,3035.02
100,hold,14250,3079.16,1510.18,0.970834,0.0119314,3304.73,nan,3079.16,3267.79
100,hold,14500,3311.13,1715.5,0.976842,0.00959025,3537.11,nan,3311.13,3500.56
100,hold,14750,3543.1,1921.14,0.980857,0.00769101,3769.75,nan,3543.1,3733.33
100,hold,15000,3775.07,2128.42,0.985624,0.00632769,4002.61,nan,3775.07,3966.11
1000,sell,10500,-1961.52,-2661.64,0.00220012,0.55584,173.441,119.841,-1961.52,-1926.47
1000,sell,10750,-1808.68,-2517.51,0.00224713,0.411121,304.952,119.841,-1808.68,-1773.37
1000,sell,11000,-1657.59,-2374.6,0.00231294,0.304763,464.562,119.841,-1657.59,-1622.08
1000,sell,11250,-1508.41,-2233.31,0.00265142,0.226368,647.175,119.841,-1508.41,-1472.62
1000,sell,11500,-1360.99,-2093.37,0.00294289,0.173396,842.647,119.841,-1360.99,-1324.98
1000,sell,11750,-1215.37,-1954.95,0.00874891,0.132139,1048.4,119.841,-1215.37,-1179.15
1000,sell,12000,-1071.57,-1817.93,0.0096238,0.105211,1259.45,119.841,-1071.57,-1035.15
1000,sell,12250,-929.566,-1682.25,0.0096238,0.0823069,1474.82,119.841,-929.566,-892.965
1000,sell,12500,-789.371,-1548.16,0.0113736,0.0623742,1695.92,119.841,-789.371,-752.6
1000,sell,12750,-650.983,-1415.5,0.0367454,0.0476786,1921,119.841,-650.983,-614.055
1000,sell,13000,-514.403,-1284.26,0.0425262,0.0380131,2148.66,119.841,-514.403,-477.33
1000,sell,13250,-379.628,-1154.37,0.0509506,0.0293443,2378.17,119.841,-379.628,-342.425
1000,sell,13500,-246.659,-1025.82,0.161577,0.0222738,2609.15,119.841,-246.659,-209.339
1000,sell,13750,-115.498,-898.853,0.315181,0.0183813,2840.61,119.841,-115.498,-78.073
1000,sell,14000,13.8536,-773.174,0.451456,0.0147427,3072.61,119.841,13.8536,51.3733
1000,sell,14250,141.404,-648.816,0.56465,0.0119314,3304.73,119.841,141.404,179
1000,sell,14500,267.145,-526.095,0.654422,0.00959025,3537.11,119.841,267.145,304.807
1000,sell,14750,391.079,-404.866,0.722024,0.00769101,3769.75,119.841,391.079,428.794
1000,sell,15000,513.206,-284.981,0.77744,0.00632769,4002.61,119.841,513.206,550.961
1000,hold,10500,-274.935,-1316.39,0.26172,0.55584,173.441,nan,-274.935,-223.704
1000,hold,10750,-43.0939,-1109.51,0.444536,0.411121,304.952,nan,-43.0939,9.06446
1000,hold,11000,188.818,-902.333,0.587187,0.304763,464.562,nan,188.818,241.833
1000,hold,11250,420.59,-695.436,0.691824,0.226368,647.175,nan,420.59,474.602
1000,hold,11500,652.429,-488.422,0.769307,0.173396,842.647,nan,652.429,707.371
1000,hold,11750,884.284,-281.53,0.822373,0.132139,1048.4,nan,884.284,940.14
1000,hold,12000,1116.11,-74.6095,0.864505,0.105211,1259.45,nan,1116.11,1172.91
1000,hold,12250,1347.95,132.456,0.8921,0.0823069,1474.82,nan,1347.95,1405.68
1000,hold,12500,1579.78,339.27,0.914534,0.0623742,1695.92,nan,1579.78,1638.45
1000,hold,12750,1811.62,546.09,0.934354,0.0476786,1921,nan,1811.62,1871.22
1000,hold,13000,2043.46,752.904,0.95045,0.0380131,2148.66,nan,2043.46,2103.98
1000,hold,13250,2275.29,959.855,0.960059,0.0293443,2378.17,nan,2275.29,2336.75
1000,hold,13500,2507.13,1166.96,0.9687,0.0222738,2609.15,nan,2507.13,2569.52
1000,hold,13750,2738.97,1373.8,0.976259,0.0183813,2840.61,nan,2738.97,2802.29
1000,hold,14000,2970.8,1580.88,0.980613,0.0147427,3072.61,nan,2970.8,3035.06
1000,hold,14250,3202.64,1788.14,0.984148,0.0119314,3304.73,nan,3202.64,3267.83
1000,hold,14500,3434.47,1995.06,0.987392,0.00959025,3537.11,nan,3434.47,3500.6
1000,hold,14750,3666.3,2201.87,0.989507,0.00769101,3769.75,nan,3666.3,3733.37
1000,hold,15000,3898.13,2408.83,0.99167,0.00632769,4002.61,nan,3898.13,3966.14
10000,sell,10500,-9999.02,-9999.13,0,0.555796,173.441,119.841,-9998.21,-9999.02
10000,sell,10750,-9999,-9999.11,0,0.4111,304.952,119.841,-9998.31,-9999
10000,sell,11000,-9998.98,-9999.09,0,0.304736,464.562,119.841,-9998.39,-9998.98
10000,sell,11250,-9998.95,-9999.07,0,0.226333,647.175,119.841,-9998.45,-9998.95
10000,sell,11500,-9998.93,-9999.05,0,0.1734,842.647,119.841,-9998.5,-9998.93
10000,sell,11750,-9998.91,-9999.03,0,0.132135,1048.4,119.841,-9998.54,-9998.91
10000,sell,12000,-9998.88,-9999.01,0,0.105198,1259.45,119.841,-9998.57,-9998.88
10000,sell,12250,-9998.86,-9998.99,0,0.0823046,1474.82,119.841,-9998.6,-9998.86
10000,sell,12500,-9998.84,-9998.97,0,0.0623819,1695.92,119.841,-9998.62,-9998.84
10000,sell,12750,-9998.81,-9998.94,0,0.0476773,1921,119.841,-9998.63,-9998.81
10000,sell,13000,-9998.79,-9998.92,0,0.0380027,2148.66,119.841,-9998.63,-9998.79
10000,sell,13250,-9998.77,-9998.9,0,0.0293341,2378.17,119.841,-9998.63,-9998.77
10000,sell,13500,-9998.74,-9998.88,0,0.0222638,2609.15,119.841,-9998.63,-9998.74
10000,sell,13750,-9998.72,-9998.86,0,0.018362,2840.61,119.841,-9998.62,-9998.72
10000,sell,14000,-9998.7,-9998.84,0,0.0147422,3072.61,119.841,-9998.61,-9998.7
10000,sell,14250,-9998.67,-9998.82,0,0.011922,3304.73,119.841,-9998.6,-9998.67
10000,sell,14500,-9998.65,-9998.8,0,0.00959025,3537.11,119.841,-9998.59,-9998.65
10000,sell,14750,-9998.63,-9998.78,0,0.00769101,3769.75,119.841,-9998.57,-9998.63
10000,sell,15000,-9998.6,-9998.76,0,0.00632769,4002.61,119.841,-9998.56,-9998.6
10000,hold,10500,-264.977,-1310.47,0.269159,0.555796,173.441,nan,-264.977,-223.704
10000,hold,10750,-33.2168,-1103.63,0.452356,0.4111,304.952,nan,-33.2168,9.06447
10000,hold,11000,198.613,-896.686,0.592172,0.304736,464.562,nan,198.613,241.833
10000,hold,11250,430.422,-689.777,0.695885,0.226333,647.175,nan,430.422,474.602
10000,hold,11500,662.13,-482.955,0.772576,0.1734,842.647,nan,662.13,707.371
10000,hold,11750,893.951,-276.063,0.824814,0.132135,1048.4,nan,893.951,940.14
10000,hold,12000,1125.77,-69.1118,0.865834,0.105198,1259.45,nan,1125.77,1172.91
10000,hold,12250,1357.58,137.722,0.893006,0.0823046,1474.82,nan,1357.58,1405.68
10000,hold,12500,1589.29,344.595,0.915223,0.0623819,1695.92,nan,1589.29,1638.45
10000,hold,12750,1821.21,551.506,0.934863,0.0476773,1921,nan,1821.21,1871.22
10000,hold,13000,2053.01,758.48,0.950734,0.0380027,2148.66,nan,2053.01,2103.98
10000,hold,13250,2284.85,965.374,0.96039,0.0293341,2378.17,nan,2284.85,2336.75
10000,hold,13500,2516.6,1172.27,0.969058,0.0222638,2609.15,nan,2516.6,2569.52
10000,hold,13750,2748.4,1379.16,0.97657,0.018362,2840.61,nan,2748.4,2802.29
10000,hold,14000,2980.15,1586.06,0.980745,0.0147422,3072.61,nan,2980.15,3035.06
10000,hold,14250,3211.98,1792.94,0.984232,0.011922,3304.73,nan,3211.98,3267.83
10000,hold,14500,3443.68,1999.8,0.987476,0.00959025,3537.11,nan,3443.68,3500.6
10000,hold,14750,3675.49,2206.73,0.989573,0.00769101,3769.75,nan,3675.49,3733.37
10000,hold,15000,3907.25,2413.54,0.991707,0.00632769,4002.61,nan,3907.25,3966.14
