theta_bps,emergency_bps,scenario,shortfall_a,b_par_loss_bps,shortfall,b_share,shortfall_stress,b_share_stress
11000,10100,real-worst-1d,0,1629.41,0,0,0.000589812,0.333333
11000,10100,real-worst-7d,0,2219.92,0,0.0833333,0.00759539,0.333333
11000,10100,real-worst-30d,0,1271.47,0,0.0833333,0.00694307,0.666667
11000,10200,real-worst-1d,0,1629.41,0,0,0.000589812,0.333333
11000,10200,real-worst-7d,0,2219.92,0,0.0833333,0.00759539,0.333333
11000,10200,real-worst-30d,0,1307.31,0,0.0833333,0.00782429,0.666667
11000,10300,real-worst-1d,0,1527.99,0,0,0.000589812,0.416667
11000,10300,real-worst-7d,0,2219.92,0,0.0833333,0.00759539,0.333333
11000,10300,real-worst-30d,0,1225.85,0,0.0833333,0.00590404,0.75
11000,10400,real-worst-1d,0,1470.44,0,0,0.000533658,0.416667
11000,10400,real-worst-7d,0,2219.92,0,0.0833333,0.00759539,0.333333
11000,10400,real-worst-30d,0,1218.59,0,0.0833333,0.00205181,0.833333
11000,10500,real-worst-1d,0,1421.35,0,0,4.62461e-05,0.416667
11000,10500,real-worst-7d,0,1833.88,0,0.0833333,0,0.583333
11000,10500,real-worst-30d,0,1205.99,0,0.0833333,0.00205181,0.916667
11000,10600,real-worst-1d,0,1409.29,0,0,4.62461e-05,0.416667
11000,10600,real-worst-7d,0,1912.08,0,0.0833333,0,0.666667
11000,10600,real-worst-30d,0,1221.66,0,0.0833333,0.00205181,0.916667
11000,10700,real-worst-1d,0,1402.87,0,0,4.62461e-05,0.416667
11000,10700,real-worst-7d,0,1908.09,0,0.0833333,0,0.666667
11000,10700,real-worst-30d,0,1193.7,0,0.0833333,0.00205181,0.916667
11000,10800,real-worst-1d,0,1384.47,0,0,4.62461e-05,0.416667
11000,10800,real-worst-7d,0,1907.76,0,0.0833333,0,0.666667
11000,10800,real-worst-30d,0,1153.11,0,0.0833333,0.00205181,0.916667
11000,10900,real-worst-1d,0,1384.47,0,0,4.62461e-05,0.416667
11000,10900,real-worst-7d,0,1781.24,0,0.0833333,0,0.75
11000,10900,real-worst-30d,0,1004.29,0,0.0833333,0,0.916667
12000,10100,real-worst-1d,0,nan,0,0,0,0
12000,10100,real-worst-7d,0,3113.44,0,0,0.00377611,0.25
12000,10100,real-worst-30d,0,nan,0,0,0,0
12000,10200,real-worst-1d,0,nan,0,0,0,0
12000,10200,real-worst-7d,0,3113.44,0,0,0.00377611,0.25
12000,10200,real-worst-30d,0,nan,0,0,0,0
12000,10300,real-worst-1d,0,nan,0,0,0,0
12000,10300,real-worst-7d,0,3113.44,0,0,0.00377611,0.25
12000,10300,real-worst-30d,0,nan,0,0,0,0
12000,10400,real-worst-1d,0,nan,0,0,0,0
12000,10400,real-worst-7d,0,3113.44,0,0,0.00377611,0.25
12000,10400,real-worst-30d,0,1759.29,0,0,0,0.0833333
12000,10500,real-worst-1d,0,nan,0,0,0,0
12000,10500,real-worst-7d,0,3113.44,0,0,0.00377611,0.25
12000,10500,real-worst-30d,0,1728.62,0,0,0,0.0833333
12000,10600,real-worst-1d,0,nan,0,0,0,0
12000,10600,real-worst-7d,0,2973.94,0,0,0.00377611,0.25
12000,10600,real-worst-30d,0,1728.62,0,0,0,0.0833333
12000,10700,real-worst-1d,0,1115,0,0,0,0.0833333
12000,10700,real-worst-7d,0,2707.28,0,0,0.00377611,0.333333
12000,10700,real-worst-30d,0,1728.62,0,0,0,0.0833333
12000,10800,real-worst-1d,0,1115,0,0,0,0.0833333
12000,10800,real-worst-7d,0,2744.67,0,0,0.00377611,0.333333
12000,10800,real-worst-30d,0,1478.56,0,0,0,0.25
12000,10900,real-worst-1d,0,1135.02,0,0,0,0.166667
12000,10900,real-worst-7d,0,2744.67,0,0,0.00377611,0.333333
12000,10900,real-worst-30d,0,1478.22,0,0,0,0.333333
12000,11000,real-worst-1d,0,1629.41,0,0,0,0.333333
12000,11000,real-worst-7d,0,2278.79,0,0,0,0.333333
12000,11000,real-worst-30d,0,1501.57,0,0,0,0.416667
12000,11100,real-worst-1d,0,1629.41,0,0,0,0.333333
12000,11100,real-worst-7d,0,2219.92,0,0,0,0.333333
12000,11100,real-worst-30d,0,1444.14,0,0,0,0.5
12000,11200,real-worst-1d,0,1527.99,0,0,0,0.416667
12000,11200,real-worst-7d,0,2219.92,0,0,0,0.333333
12000,11200,real-worst-30d,0,1244.54,0,0,0,0.666667
12000,11300,real-worst-1d,0,1470.44,0,0,0,0.416667
12000,11300,real-worst-7d,0,2219.92,0,0,0,0.333333
12000,11300,real-worst-30d,0,1209.53,0,0,0,0.75
12000,11400,real-worst-1d,0,1421.35,0,0,0,0.416667
12000,11400,real-worst-7d,0,2060.16,0,0,0,0.333333
12000,11400,real-worst-30d,0,1257.13,0,0,0,0.75
12000,11500,real-worst-1d,0,1421.35,0,0,0,0.416667
12000,11500,real-worst-7d,0,2078.79,0,0,0,0.583333
12000,11500,real-worst-30d,0,1218.48,0,0,0,0.833333
12000,11600,real-worst-1d,0,1409.29,0,0,0,0.416667
12000,11600,real-worst-7d,0,1912.08,0,0,0,0.666667
12000,11600,real-worst-30d,0,1207.98,0,0,0,0.833333
12000,11700,real-worst-1d,0,1413.55,0,0,0,0.416667
12000,11700,real-worst-7d,0,1900,0,0,0,0.666667
12000,11700,real-worst-30d,0,1166,0,0,0,0.833333
12000,11800,real-worst-1d,0,1384.47,0,0,0,0.416667
12000,11800,real-worst-7d,0,1907.76,0,0,0,0.666667
12000,11800,real-worst-30d,0,1070.72,0,0,0,0.833333
12000,11900,real-worst-1d,0,1384.47,0,0,0,0.416667
12000,11900,real-worst-7d,0,1781.24,0,0,0,0.75
12000,11900,real-worst-30d,0,1004.29,0,0,0,0.916667
13250,10100,real-worst-1d,0,nan,0,0,0,0
13250,10100,real-worst-7d,0,4504.49,0,0,0,0
13250,10100,real-worst-30d,0,nan,0,0,0,0
13250,10200,real-worst-1d,0,nan,0,0,0,0
13250,10200,real-worst-7d,0,4504.49,0,0,0,0
13250,10200,real-worst-30d,0,nan,0,0,0,0
13250,10300,real-worst-1d,0,nan,0,0,0,0
13250,10300,real-worst-7d,0,4504.49,0,0,0,0
13250,10300,real-worst-30d,0,nan,0,0,0,0
13250,10400,real-worst-1d,0,nan,0,0,0,0
13250,10400,real-worst-7d,0,4504.49,0,0,0,0
13250,10400,real-worst-30d,0,nan,0,0,0,0
13250,10500,real-worst-1d,0,nan,0,0,0,0
13250,10500,real-worst-7d,0,4504.49,0,0,0,0
13250,10500,real-worst-30d,0,nan,0,0,0,0
13250,10600,real-worst-1d,0,nan,0,0,0,0
13250,10600,real-worst-7d,0,3960.31,0,0,0,0
13250,10600,real-worst-30d,0,nan,0,0,0,0
13250,10700,real-worst-1d,0,nan,0,0,0,0
13250,10700,real-worst-7d,0,3451.13,0,0,0,0
13250,10700,real-worst-30d,0,nan,0,0,0,0
13250,10800,real-worst-1d,0,nan,0,0,0,0
13250,10800,real-worst-7d,0,3451.13,0,0,0,0
13250,10800,real-worst-30d,0,nan,0,0,0,0
13250,10900,real-worst-1d,0,nan,0,0,0,0
13250,10900,real-worst-7d,0,3451.13,0,0,0,0
13250,10900,real-worst-30d,0,nan,0,0,0,0
13250,11000,real-worst-1d,0,nan,0,0,0,0
13250,11000,real-worst-7d,0,3451.13,0,0,0,0
13250,11000,real-worst-30d,0,nan,0,0,0,0
13250,11100,real-worst-1d,0,nan,0,0,0,0
13250,11100,real-worst-7d,0,3113.44,0,0,0,0.0833333
13250,11100,real-worst-30d,0,nan,0,0,0,0
13250,11200,real-worst-1d,0,nan,0,0,0,0
13250,11200,real-worst-7d,0,3113.44,0,0,0,0.0833333
13250,11200,real-worst-30d,0,nan,0,0,0,0
13250,11300,real-worst-1d,0,nan,0,0,0,0
13250,11300,real-worst-7d,0,3113.44,0,0,0,0.0833333
13250,11300,real-worst-30d,0,nan,0,0,0,0
13250,11400,real-worst-1d,0,nan,0,0,0,0
13250,11400,real-worst-7d,0,3113.44,0,0,0,0.0833333
13250,11400,real-worst-30d,0,2027.67,0,0,0,0
13250,11500,real-worst-1d,0,nan,0,0,0,0
13250,11500,real-worst-7d,0,3113.44,0,0,0,0.0833333
13250,11500,real-worst-30d,0,1759.29,0,0,0,0.0833333
13250,11600,real-worst-1d,0,nan,0,0,0,0
13250,11600,real-worst-7d,0,3113.44,0,0,0,0.0833333
13250,11600,real-worst-30d,0,1728.62,0,0,0,0.0833333
13250,11700,real-worst-1d,0,nan,0,0,0,0
13250,11700,real-worst-7d,0,2973.94,0,0,0,0.166667
13250,11700,real-worst-30d,0,1728.62,0,0,0,0.0833333
13250,11800,real-worst-1d,0,nan,0,0,0,0
13250,11800,real-worst-7d,0,2707.28,0,0,0,0.25
13250,11800,real-worst-30d,0,1728.62,0,0,0,0.0833333
13250,11900,real-worst-1d,0,1115,0,0,0,0.0833333
13250,11900,real-worst-7d,0,2752.19,0,0,0,0.25
13250,11900,real-worst-30d,0,1478.56,0,0,0,0.25
13250,12000,real-worst-1d,0,1168.41,0,0,0,0.0833333
13250,12000,real-worst-7d,0,2744.67,0,0,0,0.25
13250,12000,real-worst-30d,0,1478.22,0,0,0,0.333333
13250,12100,real-worst-1d,0,1472.57,0,0,0,0.333333
13250,12100,real-worst-7d,0,2278.79,0,0,0,0.333333
13250,12100,real-worst-30d,0,1478.22,0,0,0,0.416667
13250,12200,real-worst-1d,0,1629.41,0,0,0,0.333333
13250,12200,real-worst-7d,0,2219.92,0,0,0,0.333333
13250,12200,real-worst-30d,0,1424.15,0,0,0,0.5
13250,12300,real-worst-1d,0,1629.41,0,0,0,0.333333
13250,12300,real-worst-7d,0,2219.92,0,0,0,0.333333
13250,12300,real-worst-30d,0,1349.17,0,0,0,0.583333
13250,12400,real-worst-1d,0,1527.99,0,0,0,0.416667
13250,12400,real-worst-7d,0,2219.92,0,0,0,0.333333
13250,12400,real-worst-30d,0,1244.54,0,0,0,0.666667
13250,12500,real-worst-1d,0,1470.44,0,0,0,0.416667
13250,12500,real-worst-7d,0,2219.92,0,0,0,0.333333
13250,12500,real-worst-30d,0,1241.29,0,0,0,0.75
13250,12600,real-worst-1d,0,1421.35,0,0,0,0.416667
13250,12600,real-worst-7d,0,2107.8,0,0,0,0.333333
13250,12600,real-worst-30d,0,1257.13,0,0,0,0.75
13250,12700,real-worst-1d,0,1421.35,0,0,0,0.416667
13250,12700,real-worst-7d,0,2078.79,0,0,0,0.583333
13250,12700,real-worst-30d,0,1218.48,0,0,0,0.833333
13250,12800,real-worst-1d,0,1409.29,0,0,0,0.416667
13250,12800,real-worst-7d,0,1912.08,0,0,0,0.666667
13250,12800,real-worst-30d,0,1207.98,0,0,0,0.833333
13250,12900,real-worst-1d,0,1402.87,0,0,0,0.416667
13250,12900,real-worst-7d,0,1908.09,0,0,0,0.666667
13250,12900,real-worst-30d,0,1180.68,0,0,0,0.833333
13250,13000,real-worst-1d,0,1384.47,0,0,0,0.416667
13250,13000,real-worst-7d,0,1907.76,0,0,0,0.666667
13250,13000,real-worst-30d,0,1189.01,0,0,0,0.833333
13250,13100,real-worst-1d,0,1384.47,0,0,0,0.416667
13250,13100,real-worst-7d,0,1820.49,0,0,0,0.75
13250,13100,real-worst-30d,0,1004.29,0,0,0,0.916667
13250,13200,real-worst-1d,0,1384.47,0,0,0,0.416667
13250,13200,real-worst-7d,0,1703.68,0,0,0,0.75
13250,13200,real-worst-30d,0,1033.62,0,0,0,0.916667
15000,10100,real-worst-1d,0,nan,0,0,0,0
15000,10100,real-worst-7d,0,4504.49,0,0,0,0
15000,10100,real-worst-30d,0,nan,0,0,0,0
15000,10200,real-worst-1d,0,nan,0,0,0,0
15000,10200,real-worst-7d,0,4504.49,0,0,0,0
15000,10200,real-worst-30d,0,nan,0,0,0,0
15000,10300,real-worst-1d,0,nan,0,0,0,0
15000,10300,real-worst-7d,0,4504.49,0,0,0,0
15000,10300,real-worst-30d,0,nan,0,0,0,0
15000,10400,real-worst-1d,0,nan,0,0,0,0
15000,10400,real-worst-7d,0,4504.49,0,0,0,0
15000,10400,real-worst-30d,0,nan,0,0,0,0
15000,10500,real-worst-1d,0,nan,0,0,0,0
15000,10500,real-worst-7d,0,4504.49,0,0,0,0
15000,10500,real-worst-30d,0,nan,0,0,0,0
15000,10600,real-worst-1d,0,nan,0,0,0,0
15000,10600,real-worst-7d,0,4504.49,0,0,0,0
15000,10600,real-worst-30d,0,nan,0,0,0,0
15000,10700,real-worst-1d,0,nan,0,0,0,0
15000,10700,real-worst-7d,0,4504.49,0,0,0,0
15000,10700,real-worst-30d,0,nan,0,0,0,0
15000,10800,real-worst-1d,0,nan,0,0,0,0
15000,10800,real-worst-7d,0,4504.49,0,0,0,0
15000,10800,real-worst-30d,0,nan,0,0,0,0
15000,10900,real-worst-1d,0,nan,0,0,0,0
15000,10900,real-worst-7d,0,4504.49,0,0,0,0
15000,10900,real-worst-30d,0,nan,0,0,0,0
15000,11000,real-worst-1d,0,nan,0,0,0,0
15000,11000,real-worst-7d,0,4504.49,0,0,0,0
15000,11000,real-worst-30d,0,nan,0,0,0,0
15000,11100,real-worst-1d,0,nan,0,0,0,0
15000,11100,real-worst-7d,0,4504.49,0,0,0,0
15000,11100,real-worst-30d,0,nan,0,0,0,0
15000,11200,real-worst-1d,0,nan,0,0,0,0
15000,11200,real-worst-7d,0,4504.49,0,0,0,0
15000,11200,real-worst-30d,0,nan,0,0,0,0
15000,11300,real-worst-1d,0,nan,0,0,0,0
15000,11300,real-worst-7d,0,4504.49,0,0,0,0
15000,11300,real-worst-30d,0,nan,0,0,0,0
15000,11400,real-worst-1d,0,nan,0,0,0,0
15000,11400,real-worst-7d,0,4504.49,0,0,0,0
15000,11400,real-worst-30d,0,nan,0,0,0,0
15000,11500,real-worst-1d,0,nan,0,0,0,0
15000,11500,real-worst-7d,0,4504.49,0,0,0,0
15000,11500,real-worst-30d,0,nan,0,0,0,0
15000,11600,real-worst-1d,0,nan,0,0,0,0
15000,11600,real-worst-7d,0,4504.49,0,0,0,0
15000,11600,real-worst-30d,0,nan,0,0,0,0
15000,11700,real-worst-1d,0,nan,0,0,0,0
15000,11700,real-worst-7d,0,4504.49,0,0,0,0
15000,11700,real-worst-30d,0,nan,0,0,0,0
15000,11800,real-worst-1d,0,nan,0,0,0,0
15000,11800,real-worst-7d,0,4504.49,0,0,0,0
15000,11800,real-worst-30d,0,nan,0,0,0,0
15000,11900,real-worst-1d,0,nan,0,0,0,0
15000,11900,real-worst-7d,0,4504.49,0,0,0,0
15000,11900,real-worst-30d,0,nan,0,0,0,0
15000,12000,real-worst-1d,0,nan,0,0,0,0
15000,12000,real-worst-7d,0,3960.31,0,0,0,0
15000,12000,real-worst-30d,0,nan,0,0,0,0
15000,12100,real-worst-1d,0,nan,0,0,0,0
15000,12100,real-worst-7d,0,3451.13,0,0,0,0
15000,12100,real-worst-30d,0,nan,0,0,0,0
15000,12200,real-worst-1d,0,nan,0,0,0,0
15000,12200,real-worst-7d,0,3451.13,0,0,0,0
15000,12200,real-worst-30d,0,nan,0,0,0,0
15000,12300,real-worst-1d,0,nan,0,0,0,0
15000,12300,real-worst-7d,0,3451.13,0,0,0,0
15000,12300,real-worst-30d,0,nan,0,0,0,0
15000,12400,real-worst-1d,0,nan,0,0,0,0
15000,12400,real-worst-7d,0,3451.13,0,0,0,0
15000,12400,real-worst-30d,0,nan,0,0,0,0
15000,12500,real-worst-1d,0,nan,0,0,0,0
15000,12500,real-worst-7d,0,3451.13,0,0,0,0
15000,12500,real-worst-30d,0,nan,0,0,0,0
15000,12600,real-worst-1d,0,nan,0,0,0,0
15000,12600,real-worst-7d,0,3113.44,0,0,0,0.0833333
15000,12600,real-worst-30d,0,nan,0,0,0,0
15000,12700,real-worst-1d,0,nan,0,0,0,0
15000,12700,real-worst-7d,0,3113.44,0,0,0,0.0833333
15000,12700,real-worst-30d,0,nan,0,0,0,0
15000,12800,real-worst-1d,0,nan,0,0,0,0
15000,12800,real-worst-7d,0,3113.44,0,0,0,0.0833333
15000,12800,real-worst-30d,0,nan,0,0,0,0
15000,12900,real-worst-1d,0,nan,0,0,0,0
15000,12900,real-worst-7d,0,3113.44,0,0,0,0.0833333
15000,12900,real-worst-30d,0,2027.67,0,0,0,0
15000,13000,real-worst-1d,0,nan,0,0,0,0
15000,13000,real-worst-7d,0,3113.44,0,0,0,0.0833333
15000,13000,real-worst-30d,0,1759.29,0,0,0,0.0833333
15000,13100,real-worst-1d,0,nan,0,0,0,0
15000,13100,real-worst-7d,0,3113.44,0,0,0,0.0833333
15000,13100,real-worst-30d,0,1728.62,0,0,0,0.0833333
15000,13200,real-worst-1d,0,nan,0,0,0,0
15000,13200,real-worst-7d,0,2973.94,0,0,0,0.166667
15000,13200,real-worst-30d,0,1728.62,0,0,0,0.0833333
15000,13300,real-worst-1d,0,nan,0,0,0,0
15000,13300,real-worst-7d,0,2707.28,0,0,0,0.25
15000,13300,real-worst-30d,0,1728.62,0,0,0,0.0833333
15000,13400,real-worst-1d,0,1115,0,0,0,0.0833333
15000,13400,real-worst-7d,0,2756.86,0,0,0,0.25
15000,13400,real-worst-30d,0,1728.62,0,0,0,0.0833333
15000,13500,real-worst-1d,0,1115,0,0,0,0.0833333
15000,13500,real-worst-7d,0,2744.67,0,0,0,0.25
15000,13500,real-worst-30d,0,1478.56,0,0,0,0.25
15000,13600,real-worst-1d,0,1135.02,0,0,0,0.166667
15000,13600,real-worst-7d,0,2744.67,0,0,0,0.25
15000,13600,real-worst-30d,0,1478.22,0,0,0,0.333333
15000,13700,real-worst-1d,0,1472.57,0,0,0,0.333333
15000,13700,real-worst-7d,0,2278.79,0,0,0,0.333333
15000,13700,real-worst-30d,0,1478.22,0,0,0,0.416667
15000,13800,real-worst-1d,0,1629.41,0,0,0,0.333333
15000,13800,real-worst-7d,0,2219.92,0,0,0,0.333333
15000,13800,real-worst-30d,0,1424.15,0,0,0,0.5
15000,13900,real-worst-1d,0,1629.41,0,0,0,0.333333
15000,13900,real-worst-7d,0,2219.92,0,0,0,0.333333
15000,13900,real-worst-30d,0,1444.14,0,0,0,0.5
15000,14000,real-worst-1d,0,1527.99,0,0,0,0.416667
15000,14000,real-worst-7d,0,2219.92,0,0,0,0.333333
15000,14000,real-worst-30d,0,1244.54,0,0,0,0.666667
15000,14100,real-worst-1d,0,1546.46,0,0,0,0.416667
15000,14100,real-worst-7d,0,2219.92,0,0,0,0.333333
15000,14100,real-worst-30d,0,1196.21,0,0,0,0.75
15000,14200,real-worst-1d,0,1470.44,0,0,0,0.416667
15000,14200,real-worst-7d,0,2219.92,0,0,0,0.333333
15000,14200,real-worst-30d,0,1241.29,0,0,0,0.75
15000,14300,real-worst-1d,0,1421.35,0,0,0,0.416667
15000,14300,real-worst-7d,0,1828.36,0,0,0,0.5
15000,14300,real-worst-30d,0,1257.13,0,0,0,0.75
15000,14400,real-worst-1d,0,1421.35,0,0,0,0.416667
15000,14400,real-worst-7d,0,2078.79,0,0,0,0.583333
15000,14400,real-worst-30d,0,1242.4,0,0,0,0.833333
15000,14500,real-worst-1d,0,1409.29,0,0,0,0.416667
15000,14500,real-worst-7d,0,1912.08,0,0,0,0.666667
15000,14500,real-worst-30d,0,1207.98,0,0,0,0.833333
15000,14600,real-worst-1d,0,1402.87,0,0,0,0.416667
15000,14600,real-worst-7d,0,1908.09,0,0,0,0.666667
15000,14600,real-worst-30d,0,1179.51,0,0,0,0.833333
15000,14700,real-worst-1d,0,1390.5,0,0,0,0.416667
15000,14700,real-worst-7d,0,1896.22,0,0,0,0.666667
15000,14700,real-worst-30d,0,1189.01,0,0,0,0.833333
15000,14800,real-worst-1d,0,1384.47,0,0,0,0.416667
15000,14800,real-worst-7d,0,1907.76,0,0,0,0.666667
15000,14800,real-worst-30d,0,1004.29,0,0,0,0.916667
15000,14900,real-worst-1d,0,1384.47,0,0,0,0.416667
15000,14900,real-worst-7d,0,1781.24,0,0,0,0.75
15000,14900,real-worst-30d,0,1046.1,0,0,0,0.916667
