class,baseRatioBps,bootstrap,history,daily-bootstrap,daily-history,aggregate,tolerance
A,30000,0.05966258669453885,0.0350159623242849,0.05528286268328815,0.03358543495690908,0.05966258669453885,0.005
A,32500,0.047627403363059595,0.025428188759759225,0.04343466653467471,0.02500142199274725,0.047627403363059595,0.005
A,35000,0.03836583933004636,0.018283345221411007,0.034451386443352494,0.017929701022817737,0.03836583933004636,0.005
A,37500,0.03117678207099128,0.013257401903950205,0.02746571150114147,0.012908441290409814,0.03117678207099128,0.005
A,40000,0.025691894201298075,0.009523933633685967,0.022031424858170057,0.009370232915262358,0.025691894201298075,0.005
A,42500,0.021321964968807366,0.006621949918711641,0.01775527258670253,0.006735864883974969,0.021321964968807366,0.005
A,45000,0.01783449881195186,0.004425563337575558,0.01437390611047019,0.005048270296337139,0.01783449881195186,0.005
A,47500,0.01495771088508593,0.0029606508418583604,0.011691368623578944,0.003517455739502913,0.01495771088508593,0.005
A,50000,0.012593031976733969,0.0018407278724247647,0.009530759532310805,0.0022906793506634474,0.012593031976733969,0.005
A,52500,0.010593113367537136,0.0009641669146790003,0.007811968017919489,0.0014203272305010127,0.010593113367537136,0.005
A,55000,0.008934639958647472,0.0006049163935903782,0.0064225446763672995,0.0008732086845477504,0.008934639958647472,0.005
A,57500,0.0075432667472638765,0.00040460607378276284,0.0053210381066846274,0.0005168349197514585,0.0075432667472638765,0.005
A,60000,0.006388886400970375,0.0002795268079165157,0.0044349570164280115,0.0004176227412167054,0.006388886400970375,0.005
A,62500,0.005436183428752129,0.0001467013917383058,0.0037348072437444566,0.0002913758758409574,0.005436183428752129,0.005
A,65000,0.004627823312553209,4.8923322002053126e-05,0.003163294291155198,0.00021170535186617107,0.004627823312553209,0.005
A,67500,0.003949850394910126,6.984020560956532e-06,0.002680616591287377,0.00014534622954966132,0.003949850394910126,0.005
A,70000,0.0033698726206455934,0.0,0.002281050540932126,8.56260110931123e-05,0.0033698726206455934,0.005
A,72500,0.0028679800160634357,0.0,0.00195426400170664,5.25770061933261e-05,0.0028679800160634357,0.005
A,75000,0.002443810936740813,0.0,0.001673481808243286,3.286705931846866e-05,0.002443810936740813,0.005
A,77500,0.0021083565750497266,0.0,0.001439695681712564,3.286705931846866e-05,0.0021083565750497266,0.005
A,80000,0.0018319076348485234,0.0,0.001240560289528426,3.286705931846866e-05,0.0018319076348485234,0.005
B,27500,0.2089903629341086,0.10953986947978514,0.20109529528904574,0.10568179853000655,0.2089903629341086,0.01
B,30000,0.1897227695432401,0.09404745480169124,0.18175283950844204,0.09104330416677311,0.1897227695432401,0.01
B,32500,0.17303944709522154,0.08157531836786996,0.16497879816907135,0.07817681182822334,0.17303944709522154,0.01
B,35000,0.1585688379250771,0.07029815338311371,0.1504383403389888,0.06752551272692779,0.1585688379250771,0.01
B,37500,0.14591106601705683,0.060016502180629774,0.13761677303940725,0.05838841943631487,0.14591106601705683,0.01
B,40000,0.13452415423722405,0.05175085147629191,0.12636674894314576,0.04930826518936403,0.13452415423722405,0.01
B,42500,0.12435776600600479,0.04492741971868015,0.11637917642903084,0.04234775348629663,0.12435776600600479,0.01
B,45000,0.11527928112422553,0.03875411191379377,0.10745711958082804,0.03638848944167921,0.11527928112422553,0.01
B,47500,0.1071427270438653,0.03347370520916825,0.09943959149818965,0.03156046947265075,0.1071427270438653,0.01
B,50000,0.09979770286162334,0.02922870932413227,0.09229105789523753,0.02767856135755476,0.09979770286162334,0.01
B,52500,0.09315336492551551,0.025546916962669176,0.08586319136373127,0.024079112399361183,0.09315336492551551,0.01
B,55000,0.08712590928443578,0.02222878720801651,0.08000729576437252,0.02074238896776832,0.08712590928443578,0.01
B,57500,0.08160962049481439,0.01885927301663103,0.07472509654612274,0.017991271292203053,0.08160962049481439,0.01
B,60000,0.07664496264522201,0.015941048881237378,0.0699464353051758,0.015455869090409703,0.07664496264522201,0.01
B,62500,0.07214122889628857,0.01332137677144395,0.0655910285734674,0.013217799719874686,0.07214122889628857,0.01
B,65000,0.06805402261913358,0.01122270672718992,0.0615878559978124,0.010915712016643308,0.06805402261913358,0.01
B,67500,0.0643499336038404,0.009313220214463142,0.05797626961999689,0.00911991994312827,0.0643499336038404,0.01
B,70000,0.060910964799879695,0.008035685589866868,0.05465905221243479,0.007583141794896185,0.060910964799879695,0.01
C,27500,0.3409448009635857,0.26844258876350413,0.33838799257980395,0.27058993163139305,0.3409448009635857,0.02
C,30000,0.32887970485166745,0.23367595290371454,0.32601237985981657,0.23575634526460668,0.32887970485166745,0.02
C,32500,0.31804156316223287,0.21024458332578755,0.31472199663217243,0.21009884377886323,0.31804156316223287,0.02
C,35000,0.3083953324292782,0.19184566609209303,0.3044509444284505,0.18993118804221817,0.3083953324292782,0.02
C,37500,0.29951557560001807,0.17520273210072124,0.2950851539620023,0.17433877839633732,0.29951557560001807,0.02
C,40000,0.2913180123754797,0.16197251427676812,0.28642199207385244,0.16158771434146052,0.2913180123754797,0.02
C,42500,0.2836418344747871,0.14856723248046858,0.2783050228001328,0.14680476523596417,0.2836418344747871,0.02
C,45000,0.27641286587723646,0.13630994845887695,0.27071648552457284,0.13313526312102208,0.27641286587723646,0.02
C,47500,0.2696964953848707,0.1266096418766001,0.26365928321330145,0.123333704152387,0.2696964953848707,0.02
C,50000,0.26349107034219804,0.11850648976222763,0.2569689796175648,0.11507637100234017,0.26349107034219804,0.02
C,52500,0.257611652168198,0.10947836222604657,0.2506365128774819,0.10615348758496637,0.257611652168198,0.02
C,55000,0.2521474906439825,0.10018981824542394,0.24466157684481263,0.09772333713115997,0.2521474906439825,0.02
C,57500,0.24711461922868888,0.09287250539904408,0.23905102827943658,0.09077720260780364,0.24711461922868888,0.02
C,60000,0.24237960139745973,0.08645789769804527,0.23377986697174177,0.08442811508639496,0.24237960139745973,0.02
