term_days,n_starts,first_start,last_start,n_eff,x_min,x_p01,x_p05,x_p50,worst_start,ratio_to_cover_all,p_bad@50000,p_bad@77500,p_bad@100000,p_bad@200000,p_bad@400000,p_bad@700000,p_bad@1000000
30,2570,2019-07-23,2026-08-04,43.8833,0.0874187,0.130971,0.357209,0.946435,2019-08-20,114393,0.0143969,0.00972763,0.00272374,0,0,0,0
60,2540,2019-07-23,2026-07-05,29.2556,0.0579061,0.106811,0.305589,0.95972,2019-07-23,172694,0.0208661,0.0141732,0.00669291,0,0,0,0
90,2510,2019-07-23,2026-06-05,21.9417,0.062852,0.0743271,0.292153,0.965343,2019-07-23,159105,0.0294821,0.0207171,0.0151394,0,0,0,0
120,2480,2019-07-23,2026-05-06,17.5533,0.0272375,0.0514506,0.258278,0.941868,2019-08-17,367141,0.0314516,0.0189516,0.0157258,0.00927419,0,0,0
180,2420,2019-07-23,2026-03-07,12.5381,0.0283275,0.0456203,0.211385,0.912196,2019-08-17,353014,0.0487603,0.0384298,0.0260331,0.0115702,0,0,0
270,2330,2019-07-23,2025-12-07,8.77667,0.0171443,0.0348055,0.181743,0.97623,2019-07-23,583285,0.0596567,0.0253219,0.0214592,0.0150215,0.00429185,0,0
365,2235,2019-07-23,2025-09-03,6.66582,0.0303361,0.0426856,0.194706,0.99557,2019-07-23,329641,0.0536913,0.0384787,0.0241611,0.0152125,0,0,0
548,2052,2019-07-23,2025-03-04,4.55536,0.0264493,0.0515163,0.135425,0.817841,2019-07-23,378082,0.100877,0.0462963,0.0238791,0.00584795,0,0,0
730,1870,2019-07-23,2024-09-03,3.46447,0.0822161,0.103565,0.128766,0.745387,2019-07-23,121631,0.150802,0.0502674,0.00534759,0,0,0,0
1095,1505,2019-07-23,2023-09-04,2.34044,0.0189997,0.0258174,0.109228,0.44504,2019-07-23,526324,0.212625,0.0923588,0.0378738,0.0225914,0.00863787,0,0
1460,1140,2019-07-23,2022-09-04,1.76711,0.0091271,0.0117849,0.0527309,0.417462,2019-07-23,1.09564e+06,0.150877,0.0929825,0.0736842,0.0482456,0.0324561,0.0192982,0.00175439
1825,775,2019-07-23,2021-09-04,1.41941,0.00741465,0.0151905,0.0307348,0.60252,2019-07-23,1.34868e+06,0.12,0.0967742,0.0851613,0.076129,0.0477419,0.00774194,0.00258065
