term_days,n_starts,first_start,last_start,n_eff,x_min,x_p01,x_p05,x_p50,worst_start,ratio_to_cover_all,p_bad@50000,p_bad@65000,p_bad@77500,p_bad@100000,p_bad@200000,p_bad@400000,p_bad@700000,p_bad@1000000
30,2405,2020-01-04,2026-08-04,41.1333,0.209126,0.28212,0.413419,0.977096,2022-04-20,47819,0,0,0,0,0,0,0,0
60,2375,2020-01-04,2026-07-05,27.4222,0.186236,0.248486,0.380258,1.00573,2022-04-09,53696,0.00336842,0,0,0,0,0,0,0
90,2345,2020-01-04,2026-06-05,20.5667,0.150652,0.246168,0.347754,1.01594,2025-11-14,66378,0.00469083,0.000426439,0,0,0,0,0,0
120,2315,2020-01-04,2026-05-06,16.4533,0.12627,0.200758,0.315077,0.998629,2025-11-02,79196,0.00993521,0.0012959,0.000431965,0,0,0,0,0
180,2255,2020-01-04,2026-03-07,11.7524,0.0810561,0.112702,0.286769,0.986762,2021-11-23,123372,0.0230599,0.0172949,0.0141907,0.00576497,0,0,0,0
270,2165,2020-01-04,2025-12-07,8.22667,0.08925,0.150629,0.226468,1.07105,2021-11-12,112045,0.0355658,0.0120092,0.00323326,0.000461894,0,0,0,0
365,2070,2020-01-04,2025-09-03,6.2481,0.0891528,0.12172,0.239211,1.09489,2021-12-04,112167,0.0275362,0.0154589,0.0130435,0.00241546,0,0,0,0
548,1887,2020-01-04,2025-03-04,4.2699,0.0751641,0.107174,0.155612,0.862388,2021-11-16,133043,0.0885003,0.0482247,0.0302067,0.0063593,0,0,0,0
730,1705,2020-01-04,2024-09-03,3.24737,0.0834215,0.10801,0.134383,0.731234,2021-08-14,119874,0.144282,0.083871,0.0381232,0.00234604,0,0,0,0
1095,1340,2020-01-04,2023-09-04,2.19378,0.0711192,0.104594,0.122669,0.51332,2021-06-18,140609,0.191045,0.111194,0.0619403,0.00746269,0,0,0,0
1460,975,2020-01-04,2022-09-04,1.65638,0.0584501,0.0813051,0.149857,0.474982,2021-08-28,171087,0.0933333,0.0574359,0.0369231,0.0205128,0,0,0,0
1825,610,2020-01-04,2021-09-04,1.33046,0.152147,0.205805,0.2695,0.780764,2020-08-28,65726,0.00819672,0.00163934,0,0,0,0,0,0
