param,group,current,modal,agreement,modal_verdict,verdict_agreement,verdicts,values,by_window,by_model,by_seed,flags,n,consolidated,feasible_k,feasible_evaluated,violations_at_consolidated
sigmaRefBps,G2,10000,24500,0.1667,CHANGE,1.0,"{""CHANGE"": 6}","{""\""24500\"""": 1, ""\""28000\"""": 1, ""\""29500\"""": 1, ""\""18000\"""": 1, ""\""19500\"""": 1, ""\""17500\"""": 1}","{""2021-22"": 24500, ""2025-26"": 18000}","{""bootstrap"": 24500}","{""20261003"": 24500, ""20261004"": 28000, ""20261005"": 29500}",unstable;window-sensitive;seed-noise,6,10000,6,6,{}
sigmaMultMaxBps,G2,30000,50000,0.5,BLOCKED,0.5,"{""CHANGE"": 1, ""KEEP"": 2, ""BLOCKED"": 3}","{""\""32500\"""": 1, ""\""30000\"""": 2, ""\""50000\"""": 3}","{""2021-22"": 30000, ""2025-26"": 50000}","{""bootstrap"": 50000}","{""20261003"": 32500, ""20261004"": 30000, ""20261005"": 30000}",unstable;window-sensitive;seed-noise,6,30000,6,6,{}
claimThresholdBps,G3,11000,12500,0.5,CHANGE,1.0,"{""CHANGE"": 6}","{""\""12500\"""": 3, ""\""12250\"""": 2, ""\""12000\"""": 1}","{""2021-22"": 12500, ""2025-26"": 12250}","{""bootstrap"": 12500}","{""20261003"": 12500, ""20261004"": 12500, ""20261005"": 12500}",unstable;window-sensitive;seed-noise,6,12500,6,6,{}
baseRatioBps[0],G3,50000,77500,0.3333,CHANGE,0.8333,"{""KEEP"": 1, ""CHANGE"": 2, ""CHANGE (env)"": 3}","{""\""50000\"""": 1, ""\""62500\"""": 1, ""\""67500\"""": 1, ""\""77500\"""": 2, ""\""75000\"""": 1}","{""2021-22"": 50000, ""2025-26"": 77500}","{""bootstrap"": 77500}","{""20261003"": 50000, ""20261004"": 62500, ""20261005"": 67500}",unstable;window-sensitive;seed-noise,6,67500,3,6,"{""2025-26__bootstrap__s20261003"": [""bad_debt_A""], ""2025-26__bootstrap__s20261004"": [""bad_debt_A""], ""2025-26__bootstrap__s20261005"": [""bad_debt_A""]}"
baseRatioBps[1],G3,40000,62500,0.3333,CHANGE,1.0,"{""CHANGE (env)"": 6}","{""\""65000\"""": 1, ""\""62500\"""": 2, ""\""57500\"""": 2, ""\""55000\"""": 1}","{""2021-22"": 62500, ""2025-26"": 57500}","{""bootstrap"": 62500}","{""20261003"": 65000, ""20261004"": 62500, ""20261005"": 62500}",unstable;window-sensitive;seed-noise;none-feasible,6,40000,0,6,"{""2021-22__bootstrap__s20261003"": [""bad_debt_B""], ""2021-22__bootstrap__s20261004"": [""bad_debt_B""], ""2021-22__bootstrap__s20261005"": [""bad_debt_B""], ""2025-26__bootstrap__s20261003"": [""bad_debt_B""], ""2025-26__bootstrap__s20261004"": [""bad_debt_B""], ""2025-26__bootstrap__s20261005"": [""bad_debt_B""]}"
baseRatioBps[2],G3,30000,30000,0.3333,CHANGE,0.6667,"{""CHANGE (env)"": 4, ""KEEP (env)"": 2}","{""\""47500\"""": 1, ""\""42500\"""": 1, ""\""45000\"""": 1, ""\""30000\"""": 2, ""\""32500\"""": 1}","{""2021-22"": 47500, ""2025-26"": 30000}","{""bootstrap"": 30000}","{""20261003"": 47500, ""20261004"": 42500, ""20261005"": 45000}",unstable;window-sensitive;seed-noise;none-feasible,6,30000,0,6,"{""2021-22__bootstrap__s20261003"": [""bad_debt_C""], ""2021-22__bootstrap__s20261004"": [""bad_debt_C""], ""2021-22__bootstrap__s20261005"": [""bad_debt_C""], ""2025-26__bootstrap__s20261003"": [""bad_debt_C""], ""2025-26__bootstrap__s20261004"": [""bad_debt_C""], ""2025-26__bootstrap__s20261005"": [""bad_debt_C""]}"
signalWindow,G5,2016,3744,0.6667,CHANGE,1.0,"{""CHANGE"": 6}","{""\""3744\"""": 4, ""\""3168\"""": 2}","{""2021-22"": 3744, ""2025-26"": 3744}","{""bootstrap"": 3744}","{""20261003"": 3744, ""20261004"": 3744, ""20261005"": 3168}",unstable;seed-noise,6,3168,6,6,{}
activationThreshold,G5,1512,2808,0.6667,CHANGE,1.0,"{""CHANGE (pin)"": 6}","{""\""2808\"""": 4, ""\""2376\"""": 2}","{""2021-22"": 2808, ""2025-26"": 2808}","{""bootstrap"": 2808}","{""20261003"": 2808, ""20261004"": 2808, ""20261005"": 2376}",unstable;seed-noise,6,2376,6,6,{}
participationFloor,G5,1210,2247,0.6667,CHANGE,1.0,"{""CHANGE (pin)"": 6}","{""\""2247\"""": 4, ""\""1901\"""": 2}","{""2021-22"": 2247, ""2025-26"": 2247}","{""bootstrap"": 2247}","{""20261003"": 2247, ""20261004"": 2247, ""20261005"": 1901}",unstable;seed-noise,6,1901,6,6,{}
enforcementFloor,G5,1008,1872,0.6667,CHANGE,1.0,"{""CHANGE (pin)"": 6}","{""\""1872\"""": 4, ""\""1584\"""": 2}","{""2021-22"": 1872, ""2025-26"": 1872}","{""bootstrap"": 1872}","{""20261003"": 1872, ""20261004"": 1872, ""20261005"": 1584}",unstable;seed-noise,6,1584,6,6,{}
enforcementResume,G5,1210,2247,0.6667,CHANGE,1.0,"{""CHANGE (pin)"": 6}","{""\""2247\"""": 4, ""\""1901\"""": 2}","{""2021-22"": 2247, ""2025-26"": 2247}","{""bootstrap"": 2247}","{""20261003"": 2247, ""20261004"": 2247, ""20261005"": 1901}",unstable;seed-noise,6,1901,6,6,{}
deviationBps,G6,1000,1800,0.3333,CHANGE,0.8333,"{""CHANGE"": 5, ""BLOCKED"": 1}","{""\""1800\"""": 2, ""\""1000\"""": 1, ""\""1600\"""": 1, ""\""1400\"""": 2}","{""2021-22"": 1800, ""2025-26"": 1400}","{""bootstrap"": 1800}","{""20261003"": 1800, ""20261004"": 1800, ""20261005"": 1000}",unstable;window-sensitive;seed-noise,6,1800,5,6,"{""2021-22__bootstrap__s20261005"": [""false_penalty_stale""]}"
nPenalty,G6,288,288,0.5,CHANGE,0.5,"{""CHANGE"": 3, ""KEEP"": 3}","{""\""240\"""": 1, ""\""288\"""": 3, ""\""192\"""": 2}","{""2021-22"": 240, ""2025-26"": 288}","{""bootstrap"": 288}","{""20261003"": 240, ""20261004"": 288, ""20261005"": 192}",unstable;window-sensitive;seed-noise,6,288,6,6,{}
divergenceBps,G7,2000,2000,0.6667,BLOCKED,0.6667,"{""BLOCKED"": 4, ""CHANGE"": 2}","{""\""2000\"""": 4, ""\""3000\"""": 1, ""\""2500\"""": 1}","{""2021-22"": 2000, ""2025-26"": 2000}","{""bootstrap"": 2000}","{""20261003"": 2000, ""20261004"": 2000, ""20261005"": 3000}",unstable;seed-noise,6,2500,1,6,"{""2021-22__bootstrap__s20261003"": [""calm_availability""], ""2021-22__bootstrap__s20261004"": [""calm_availability""], ""2021-22__bootstrap__s20261005"": [""calm_availability""], ""2025-26__bootstrap__s20261004"": [""recall""], ""2025-26__bootstrap__s20261005"": [""recall""]}"
divergeBpsAttest,G8,1500,1500,0.3333,CHANGE,0.6667,"{""CHANGE"": 4, ""KEEP"": 2}","{""\""2200\"""": 1, ""\""1500\"""": 2, ""\""1900\"""": 2, ""\""800\"""": 1}","{""2021-22"": 2200, ""2025-26"": 1500}","{""bootstrap"": 1500}","{""20261003"": 2200, ""20261004"": 1500, ""20261005"": 1900}",unstable;window-sensitive;seed-noise;none-feasible,6,1500,0,6,"{""2021-22__bootstrap__s20261003"": [""grief_capture""], ""2021-22__bootstrap__s20261004"": [""grief_capture""], ""2021-22__bootstrap__s20261005"": [""grief_capture""], ""2025-26__bootstrap__s20261003"": [""grief_capture""], ""2025-26__bootstrap__s20261004"": [""grief_capture""], ""2025-26__bootstrap__s20261005"": [""grief_capture""]}"
pFastWindow,G1,96,96,0.8333,KEEP,0.8333,"{""KEEP (env)"": 5, ""CHANGE (env)"": 1}","{""\""96\"""": 5, ""\""48\"""": 1}","{""2021-22"": 96, ""2025-26"": 96}","{""bootstrap"": 96}","{""20261003"": 96, ""20261004"": 96, ""20261005"": 96}",seed-noise;none-feasible,6,96,0,6,"{""2021-22__bootstrap__s20261003"": [""attack_share_min"", ""max_no_price_hours""], ""2021-22__bootstrap__s20261004"": [""attack_share_min"", ""max_no_price_hours""], ""2021-22__bootstrap__s20261005"": [""attack_share_min"", ""max_no_price_hours""], ""2025-26__bootstrap__s20261003"": [""attack_share_min"", ""max_no_price_hours""], ""2025-26__bootstrap__s20261004"": [""attack_share_min"", ""max_no_price_hours""], ""2025-26__bootstrap__s20261005"": [""attack_share_min"", ""max_no_price_hours""]}"
pMidWindow,G1,576,1152,0.8333,CHANGE,1.0,"{""CHANGE (env)"": 6}","{""\""1152\"""": 5, ""\""864\"""": 1}","{""2021-22"": 1152, ""2025-26"": 1152}","{""bootstrap"": 1152}","{""20261003"": 1152, ""20261004"": 1152, ""20261005"": 1152}",seed-noise;none-feasible,6,576,0,6,"{""2021-22__bootstrap__s20261003"": [""attack_share_min"", ""max_no_price_hours""], ""2021-22__bootstrap__s20261004"": [""attack_share_min"", ""max_no_price_hours""], ""2021-22__bootstrap__s20261005"": [""attack_share_min"", ""max_no_price_hours""], ""2025-26__bootstrap__s20261003"": [""attack_share_min"", ""max_no_price_hours""], ""2025-26__bootstrap__s20261004"": [""attack_share_min"", ""max_no_price_hours""], ""2025-26__bootstrap__s20261005"": [""attack_share_min"", ""max_no_price_hours""]}"
pSlowWindow,G1,2016,2016,0.8333,KEEP,0.8333,"{""KEEP (env)"": 5, ""CHANGE (env)"": 1}","{""\""2016\"""": 5, ""\""1152\"""": 1}","{""2021-22"": 2016, ""2025-26"": 2016}","{""bootstrap"": 2016}","{""20261003"": 2016, ""20261004"": 2016, ""20261005"": 2016}",seed-noise;none-feasible,6,2016,0,6,"{""2021-22__bootstrap__s20261003"": [""attack_share_min"", ""max_no_price_hours""], ""2021-22__bootstrap__s20261004"": [""attack_share_min"", ""max_no_price_hours""], ""2021-22__bootstrap__s20261005"": [""attack_share_min"", ""max_no_price_hours""], ""2025-26__bootstrap__s20261003"": [""attack_share_min"", ""max_no_price_hours""], ""2025-26__bootstrap__s20261004"": [""attack_share_min"", ""max_no_price_hours""], ""2025-26__bootstrap__s20261005"": [""attack_share_min"", ""max_no_price_hours""]}"
volStep,G2,48,48,0.8333,KEEP,0.8333,"{""KEEP"": 5, ""CHANGE"": 1}","{""\""48\"""": 5, ""\""96\"""": 1}","{""2021-22"": 48, ""2025-26"": 48}","{""bootstrap"": 48}","{""20261003"": 48, ""20261004"": 48, ""20261005"": 48}",seed-noise,6,96,6,6,{}
emergencyRatioBps,G3,10500,10500,1.0,PROVISIONAL,1.0,"{""PROVISIONAL"": 6}","{""\""10500\"""": 6}","{""2021-22"": 10500, ""2025-26"": 10500}","{""bootstrap"": 10500}","{""20261003"": 10500, ""20261004"": 10500, ""20261005"": 10500}",none-feasible,6,10500,0,6,"{""2021-22__bootstrap__s20261003"": [""bad_debt_B"", ""bad_debt_C""], ""2021-22__bootstrap__s20261004"": [""bad_debt_B"", ""bad_debt_C""], ""2021-22__bootstrap__s20261005"": [""bad_debt_B"", ""bad_debt_C""], ""2025-26__bootstrap__s20261003"": [""bad_debt_A"", ""bad_debt_B"", ""bad_debt_C""], ""2025-26__bootstrap__s20261004"": [""bad_debt_A"", ""bad_debt_B"", ""bad_debt_C""], ""2025-26__bootstrap__s20261005"": [""bad_debt_A"", ""bad_debt_B"", ""bad_debt_C""]}"
valveBlocks,G5,6,6,1.0,KEEP,1.0,"{""KEEP (pin)"": 6}","{""\""6\"""": 6}","{""2021-22"": 6, ""2025-26"": 6}","{""bootstrap"": 6}","{""20261003"": 6, ""20261004"": 6, ""20261005"": 6}",none-feasible,6,6,0,6,"{""2021-22__bootstrap__s20261003"": [""valve_minority""], ""2021-22__bootstrap__s20261004"": [""valve_minority""], ""2021-22__bootstrap__s20261005"": [""valve_minority""], ""2025-26__bootstrap__s20261003"": [""valve_minority""], ""2025-26__bootstrap__s20261004"": [""valve_minority""], ""2025-26__bootstrap__s20261005"": [""valve_minority""]}"
accuracyBandBps,G6,300,100,1.0,CHANGE,1.0,"{""CHANGE"": 6}","{""\""100\"""": 6}","{""2021-22"": 100, ""2025-26"": 100}","{""bootstrap"": 100}","{""20261003"": 100, ""20261004"": 100, ""20261005"": 100}",none-feasible,6,300,0,6,"{""2021-22__bootstrap__s20261003"": [""attestor_revenue""], ""2021-22__bootstrap__s20261004"": [""attestor_revenue""], ""2021-22__bootstrap__s20261005"": [""false_penalty_stale"", ""dev_margin"", ""attestor_revenue""], ""2025-26__bootstrap__s20261003"": [""attestor_revenue""], ""2025-26__bootstrap__s20261004"": [""attestor_revenue""], ""2025-26__bootstrap__s20261005"": [""attestor_revenue""]}"
feeBps,G6,25,10,1.0,CHANGE,1.0,"{""CHANGE (env)"": 6}","{""\""10\"""": 6}","{""2021-22"": 10, ""2025-26"": 10}","{""bootstrap"": 10}","{""20261003"": 10, ""20261004"": 10, ""20261005"": 10}",none-feasible,6,25,0,6,"{""2021-22__bootstrap__s20261003"": [""fee_share""], ""2021-22__bootstrap__s20261004"": [""fee_share""], ""2021-22__bootstrap__s20261005"": [""fee_share""], ""2025-26__bootstrap__s20261003"": [""fee_share""], ""2025-26__bootstrap__s20261004"": [""fee_share""], ""2025-26__bootstrap__s20261005"": [""fee_share""]}"
attestFeeBps,G6,2500,2500,1.0,KEEP,1.0,"{""KEEP (pin)"": 6}","{""\""2500\"""": 6}","{""2021-22"": 2500, ""2025-26"": 2500}","{""bootstrap"": 2500}","{""20261003"": 2500, ""20261004"": 2500, ""20261005"": 2500}",none-feasible,6,2500,0,6,"{""2021-22__bootstrap__s20261003"": [""attestor_revenue""], ""2021-22__bootstrap__s20261004"": [""attestor_revenue""], ""2021-22__bootstrap__s20261005"": [""attestor_revenue""], ""2025-26__bootstrap__s20261003"": [""attestor_revenue""], ""2025-26__bootstrap__s20261004"": [""attestor_revenue""], ""2025-26__bootstrap__s20261005"": [""attestor_revenue""]}"
globalRatioHaltBps,G7,25000,25000,1.0,KEEP,1.0,"{""KEEP (pin)"": 6}","{""\""25000\"""": 6}","{""2021-22"": 25000, ""2025-26"": 25000}","{""bootstrap"": 25000}","{""20261003"": 25000, ""20261004"": 25000, ""20261005"": 25000}",none-feasible,6,25000,0,6,"{""2021-22__bootstrap__s20261003"": [""halt_sys_bad""], ""2021-22__bootstrap__s20261004"": [""halt_sys_bad""], ""2021-22__bootstrap__s20261005"": [""halt_sys_bad""], ""2025-26__bootstrap__s20261003"": [""halt_sys_bad""], ""2025-26__bootstrap__s20261004"": [""halt_sys_bad""], ""2025-26__bootstrap__s20261005"": [""halt_sys_bad""]}"
pinDeltaBps,G8,500,500,1.0,KEEP,1.0,"{""KEEP"": 6}","{""\""500\"""": 6}","{""2021-22"": 500, ""2025-26"": 500}","{""bootstrap"": 500}","{""20261003"": 500, ""20261004"": 500, ""20261005"": 500}",none-feasible,6,500,0,6,"{""2021-22__bootstrap__s20261003"": [""grief_capture""], ""2021-22__bootstrap__s20261004"": [""grief_capture""], ""2021-22__bootstrap__s20261005"": [""grief_capture""], ""2025-26__bootstrap__s20261003"": [""grief_capture""], ""2025-26__bootstrap__s20261004"": [""grief_capture""], ""2025-26__bootstrap__s20261005"": [""grief_capture""]}"
maxMint,G9,1000000,1000000,1.0,KEEP,1.0,"{""KEEP (env)"": 6}","{""\""1000000\"""": 6}","{""2021-22"": 1000000, ""2025-26"": 1000000}","{""bootstrap"": 1000000}","{""20261003"": 1000000, ""20261004"": 1000000, ""20261005"": 1000000}",none-feasible,6,1000000,0,6,"{""2021-22__bootstrap__s20261003"": [""maxMint_ok""], ""2021-22__bootstrap__s20261004"": [""maxMint_ok""], ""2021-22__bootstrap__s20261005"": [""maxMint_ok""], ""2025-26__bootstrap__s20261003"": [""maxMint_ok""], ""2025-26__bootstrap__s20261004"": [""maxMint_ok""], ""2025-26__bootstrap__s20261005"": [""maxMint_ok""]}"
volWindow,G2,2016,2016,1.0,KEEP,1.0,"{""KEEP"": 6}","{""\""2016\"""": 6}","{""2021-22"": 2016, ""2025-26"": 2016}","{""bootstrap"": 2016}","{""20261003"": 2016, ""20261004"": 2016, ""20261005"": 2016}",,6,2016,6,6,{}
classMin[0],G3,34560,34560,1.0,KEEP,1.0,"{""KEEP (pin)"": 6}","{""\""34560\"""": 6}","{""2021-22"": 34560, ""2025-26"": 34560}","{""bootstrap"": 34560}","{""20261003"": 34560, ""20261004"": 34560, ""20261005"": 34560}",,6,34560,6,6,{}
classMin[1],G3,103681,103681,1.0,KEEP,1.0,"{""KEEP (pin)"": 6}","{""\""103681\"""": 6}","{""2021-22"": 103681, ""2025-26"": 103681}","{""bootstrap"": 103681}","{""20261003"": 103681, ""20261004"": 103681, ""20261005"": 103681}",,6,103681,6,6,{}
classMin[2],G3,420481,420481,1.0,KEEP,1.0,"{""KEEP (pin)"": 6}","{""\""420481\"""": 6}","{""2021-22"": 420481, ""2025-26"": 420481}","{""bootstrap"": 420481}","{""20261003"": 420481, ""20261004"": 420481, ""20261005"": 420481}",,6,420481,6,6,{}
classMax[0],G3,103680,103680,1.0,KEEP,1.0,"{""KEEP (pin)"": 6}","{""\""103680\"""": 6}","{""2021-22"": 103680, ""2025-26"": 103680}","{""bootstrap"": 103680}","{""20261003"": 103680, ""20261004"": 103680, ""20261005"": 103680}",,6,103680,6,6,{}
classMax[1],G3,420480,420480,1.0,KEEP,1.0,"{""KEEP (pin)"": 6}","{""\""420480\"""": 6}","{""2021-22"": 420480, ""2025-26"": 420480}","{""bootstrap"": 420480}","{""20261003"": 420480, ""20261004"": 420480, ""20261005"": 420480}",,6,420480,6,6,{}
classMax[2],G3,2102400,2102400,1.0,KEEP,1.0,"{""KEEP (pin)"": 6}","{""\""2102400\"""": 6}","{""2021-22"": 2102400, ""2025-26"": 2102400}","{""bootstrap"": 2102400}","{""20261003"": 2102400, ""20261004"": 2102400, ""20261005"": 2102400}",,6,2102400,6,6,{}
abandonBlocks,G4,34560,34560,1.0,KEEP,1.0,"{""KEEP (pin)"": 6}","{""\""34560\"""": 6}","{""2021-22"": 34560, ""2025-26"": 34560}","{""bootstrap"": 34560}","{""20261003"": 34560, ""20261004"": 34560, ""20261005"": 34560}",,6,34560,6,6,{}
grace,G4,34560,34560,1.0,KEEP,1.0,"{""KEEP (pin)"": 6}","{""\""34560\"""": 6}","{""2021-22"": 34560, ""2025-26"": 34560}","{""bootstrap"": 34560}","{""20261003"": 34560, ""20261004"": 34560, ""20261005"": 34560}",,6,34560,6,6,{}
activationDelay,G5,2016,2016,1.0,KEEP,1.0,"{""KEEP"": 6}","{""\""2016\"""": 6}","{""2021-22"": 2016, ""2025-26"": 2016}","{""bootstrap"": 2016}","{""20261003"": 2016, ""20261004"": 2016, ""20261005"": 2016}",,6,2016,6,6,{}
nReg,G6,576,576,1.0,KEEP,1.0,"{""KEEP"": 6}","{""\""576\"""": 6}","{""2021-22"": 576, ""2025-26"": 576}","{""bootstrap"": 576}","{""20261003"": 576, ""20261004"": 576, ""20261005"": 576}",,6,576,6,6,{}
peerLag,G6,10,10,1.0,KEEP,1.0,"{""KEEP"": 6}","{""\""10\"""": 6}","{""2021-22"": 10, ""2025-26"": 10}","{""bootstrap"": 10}","{""20261003"": 10, ""20261004"": 10, ""20261005"": 10}",,6,10,6,6,{}
peerMin,G6,5,12,1.0,CHANGE,1.0,"{""CHANGE"": 6}","{""\""12\"""": 6}","{""2021-22"": 12, ""2025-26"": 12}","{""bootstrap"": 12}","{""20261003"": 12, ""20261004"": 12, ""20261005"": 12}",,6,5,6,6,{}
payeeWindow,G6,100,100,1.0,KEEP,1.0,"{""KEEP"": 6}","{""\""100\"""": 6}","{""2021-22"": 100, ""2025-26"": 100}","{""bootstrap"": 100}","{""20261003"": 100, ""20261004"": 100, ""20261005"": 100}",,6,100,6,6,{}
feeMin,G6,50000000,50000000,1.0,KEEP,1.0,"{""KEEP"": 6}","{""\""50000000\"""": 6}","{""2021-22"": 50000000, ""2025-26"": 50000000}","{""bootstrap"": 50000000}","{""20261003"": 50000000, ""20261004"": 50000000, ""20261005"": 50000000}",,6,50000000,6,6,{}
accuracyWindow,G6,576,576,1.0,KEEP,1.0,"{""KEEP"": 6}","{""\""576\"""": 6}","{""2021-22"": 576, ""2025-26"": 576}","{""bootstrap"": 576}","{""20261003"": 576, ""20261004"": 576, ""20261005"": 576}",,6,576,6,6,{}
payeeTiltBps,G6,10000,10000,1.0,KEEP,1.0,"{""KEEP"": 6}","{""\""10000\"""": 6}","{""2021-22"": 10000, ""2025-26"": 10000}","{""bootstrap"": 10000}","{""20261003"": 10000, ""20261004"": 10000, ""20261005"": 10000}",,6,10000,6,6,{}
supplyCapBps,G7,1500,1500,1.0,KEEP,1.0,"{""KEEP (pin)"": 6}","{""\""1500\"""": 6}","{""2021-22"": 1500, ""2025-26"": 1500}","{""bootstrap"": 1500}","{""20261003"": 1500, ""20261004"": 1500, ""20261005"": 1500}",,6,1500,3,6,"{""2025-26__bootstrap__s20261003"": [""depth_bound""], ""2025-26__bootstrap__s20261004"": [""depth_bound""], ""2025-26__bootstrap__s20261005"": [""depth_bound""]}"
attestArmMin,G8,5,5,1.0,KEEP,1.0,"{""KEEP (pin)"": 6}","{""\""5\"""": 6}","{""2021-22"": 5, ""2025-26"": 5}","{""bootstrap"": 5}","{""20261003"": 5, ""20261004"": 5, ""20261005"": 5}",,6,5,6,6,{}
attestArmDelay,G8,1152,1152,1.0,KEEP,1.0,"{""KEEP (pin)"": 6}","{""\""1152\"""": 6}","{""2021-22"": 1152, ""2025-26"": 1152}","{""bootstrap"": 1152}","{""20261003"": 1152, ""20261004"": 1152, ""20261005"": 1152}",,6,1152,6,6,{}
nSlots,G8,9,9,1.0,KEEP,1.0,"{""KEEP"": 6}","{""\""9\"""": 6}","{""2021-22"": 9, ""2025-26"": 9}","{""bootstrap"": 9}","{""20261003"": 9, ""20261004"": 9, ""20261005"": 9}",,6,9,6,6,{}
mSelect,G8,4,4,1.0,KEEP,1.0,"{""KEEP"": 6}","{""\""4\"""": 6}","{""2021-22"": 4, ""2025-26"": 4}","{""bootstrap"": 4}","{""20261003"": 4, ""20261004"": 4, ""20261005"": 4}",,6,4,6,6,{}
kSlack,G8,2,2,1.0,KEEP,1.0,"{""KEEP"": 6}","{""\""2\"""": 6}","{""2021-22"": 2, ""2025-26"": 2}","{""bootstrap"": 2}","{""20261003"": 2, ""20261004"": 2, ""20261005"": 2}",,6,2,6,6,{}
bundleMax,G8,6,6,1.0,KEEP,1.0,"{""KEEP"": 6}","{""\""6\"""": 6}","{""2021-22"": 6, ""2025-26"": 6}","{""bootstrap"": 6}","{""20261003"": 6, ""20261004"": 6, ""20261005"": 6}",,6,6,6,6,{}
qLowBps,G8,3333,3333,1.0,KEEP,1.0,"{""KEEP"": 6}","{""\""3333\"""": 6}","{""2021-22"": 3333, ""2025-26"": 3333}","{""bootstrap"": 3333}","{""20261003"": 3333, ""20261004"": 3333, ""20261005"": 3333}",,6,3333,6,6,{}
pinWindow,G8,288,288,1.0,KEEP,1.0,"{""KEEP"": 6}","{""\""288\"""": 6}","{""2021-22"": 288, ""2025-26"": 288}","{""bootstrap"": 288}","{""20261003"": 288, ""20261004"": 288, ""20261005"": 288}",,6,288,6,6,{}
pinMinTags,G8,3,3,1.0,KEEP,1.0,"{""KEEP"": 6}","{""\""3\"""": 6}","{""2021-22"": 3, ""2025-26"": 3}","{""bootstrap"": 3}","{""20261003"": 3, ""20261004"": 3, ""20261005"": 3}",,6,3,6,6,{}
pinMinBundles,G8,2,2,1.0,KEEP,1.0,"{""KEEP"": 6}","{""\""2\"""": 6}","{""2021-22"": 2, ""2025-26"": 2}","{""bootstrap"": 2}","{""20261003"": 2, ""20261004"": 2, ""20261005"": 2}",,6,2,6,6,{}
emergencyPersist,G8,48,48,1.0,PROVISIONAL,1.0,"{""PROVISIONAL"": 6}","{""\""48\"""": 6}","{""2021-22"": 48, ""2025-26"": 48}","{""bootstrap"": 48}","{""20261003"": 48, ""20261004"": 48, ""20261005"": 48}",,6,48,6,6,{}
emergencyNoticeTtl,G8,1152,1152,1.0,KEEP,1.0,"{""KEEP"": 6}","{""\""1152\"""": 6}","{""2021-22"": 1152, ""2025-26"": 1152}","{""bootstrap"": 1152}","{""20261003"": 1152, ""20261004"": 1152, ""20261005"": 1152}",,6,1152,6,6,{}
bondMin,G8,2000000000000,2000000000000,1.0,KEEP,1.0,"{""KEEP"": 6}","{""\""2000000000000\"""": 6}","{""2021-22"": 2000000000000, ""2025-26"": 2000000000000}","{""bootstrap"": 2000000000000}","{""20261003"": 2000000000000, ""20261004"": 2000000000000, ""20261005"": 2000000000000}",,6,2000000000000,6,6,{}
bondMaturity,G8,16128,16128,1.0,KEEP,1.0,"{""KEEP"": 6}","{""\""16128\"""": 6}","{""2021-22"": 16128, ""2025-26"": 16128}","{""bootstrap"": 16128}","{""20261003"": 16128, ""20261004"": 16128, ""20261005"": 16128}",,6,16128,6,6,{}
ageCap,G8,207360,207360,1.0,KEEP,1.0,"{""KEEP"": 6}","{""\""207360\"""": 6}","{""2021-22"": 207360, ""2025-26"": 207360}","{""bootstrap"": 207360}","{""20261003"": 207360, ""20261004"": 207360, ""20261005"": 207360}",,6,207360,6,6,{}
foundingWindow,G8,8064,8064,1.0,KEEP,1.0,"{""KEEP"": 6}","{""\""8064\"""": 6}","{""2021-22"": 8064, ""2025-26"": 8064}","{""bootstrap"": 8064}","{""20261003"": 8064, ""20261004"": 8064, ""20261005"": 8064}",,6,8064,6,6,{}
dormancyBlocks,G8,16128,16128,1.0,KEEP,1.0,"{""KEEP"": 6}","{""\""16128\"""": 6}","{""2021-22"": 16128, ""2025-26"": 16128}","{""bootstrap"": 16128}","{""20261003"": 16128, ""20261004"": 16128, ""20261005"": 16128}",,6,16128,6,6,{}
dormancyMinBundles,G8,20,12,1.0,CHANGE,1.0,"{""CHANGE"": 6}","{""\""12\"""": 6}","{""2021-22"": 12, ""2025-26"": 12}","{""bootstrap"": 12}","{""20261003"": 12, ""20261004"": 12, ""20261005"": 12}",,6,15,6,6,{}
dormancyCheck,G8,48,48,1.0,KEEP,1.0,"{""KEEP"": 6}","{""\""48\"""": 6}","{""2021-22"": 48, ""2025-26"": 48}","{""bootstrap"": 48}","{""20261003"": 48, ""20261004"": 48, ""20261005"": 48}",,6,48,6,6,{}
attestInterval,G8,10,10,1.0,KEEP,1.0,"{""KEEP"": 6}","{""\""10\"""": 6}","{""2021-22"": 10, ""2025-26"": 10}","{""bootstrap"": 10}","{""20261003"": 10, ""20261004"": 10, ""20261005"": 10}",,6,10,6,6,{}
minMint,G9,10000,10000,1.0,KEEP,1.0,"{""KEEP"": 6}","{""\""10000\"""": 6}","{""2021-22"": 10000, ""2025-26"": 10000}","{""bootstrap"": 10000}","{""20261003"": 10000, ""20261004"": 10000, ""20261005"": 10000}",,6,10000,6,6,{}
minOutput,G9,100,100,1.0,KEEP,1.0,"{""KEEP"": 6}","{""\""100\"""": 6}","{""2021-22"": 100, ""2025-26"": 100}","{""bootstrap"": 100}","{""20261003"": 100, ""20261004"": 100, ""20261005"": 100}",,6,100,6,6,{}
maxOutput,G9,10000000,10000000,1.0,KEEP,1.0,"{""KEEP"": 6}","{""\""10000000\"""": 6}","{""2021-22"": 10000000, ""2025-26"": 10000000}","{""bootstrap"": 10000000}","{""20261003"": 10000000, ""20261004"": 10000000, ""20261005"": 10000000}",,6,10000000,6,6,{}
residualMinZat,G9,100000,100000,1.0,KEEP,1.0,"{""KEEP"": 6}","{""\""100000\"""": 6}","{""2021-22"": 100000, ""2025-26"": 100000}","{""bootstrap"": 100000}","{""20261003"": 100000, ""20261004"": 100000, ""20261005"": 100000}",,6,100000,6,6,{}
carrierValue,G9,10000,10000,1.0,KEEP,1.0,"{""KEEP"": 6}","{""\""10000\"""": 6}","{""2021-22"": 10000, ""2025-26"": 10000}","{""bootstrap"": 10000}","{""20261003"": 10000, ""20261004"": 10000, ""20261005"": 10000}",,6,10000,6,6,{}
walletConfirmations,G9,6,24,1.0,CHANGE,1.0,"{""CHANGE (env)"": 6}","{""\""24\"""": 6}","{""2021-22"": 24, ""2025-26"": 24}","{""bootstrap"": 24}","{""20261003"": 24, ""20261004"": 24, ""20261005"": 24}",,6,24,6,6,{}
DEFAULT_REF_LAG,G9,2,2,1.0,KEEP,1.0,"{""KEEP"": 6}","{""\""2\"""": 6}","{""2021-22"": 2, ""2025-26"": 2}","{""bootstrap"": 2}","{""20261003"": 2, ""20261004"": 2, ""20261005"": 2}",,6,2,6,6,{}
