param,group,current,modal,agreement,modal_verdict,verdict_agreement,verdicts,values,by_window,by_model,by_seed,flags,n,consolidated,basis,feasible_k,feasible_evaluated,violations_at_consolidated
pFastWindow,G1,96,96,0.5,KEEP,0.5,"{""KEEP (env)"": 10, ""CHANGE (env)"": 10}","{""\""96\"""": 10, ""\""48\"""": 10}","{""full"": 48, ""last365"": 48, ""2021-22"": 96, ""2025-26"": 96}","{""bootstrap"": 96, ""martingale"": 48, ""regime"": 48}","{""20261003"": 96, ""20261004"": 48, ""20261005"": 48}",unstable;window-sensitive;model-sensitive;seed-noise;none-feasible,20,96,least-harm,0,20,"{""full__bootstrap__s20261003"": [""attack_share_min"", ""max_no_price_hours""], ""full__bootstrap__s20261004"": [""attack_share_min"", ""max_no_price_hours""], ""full__bootstrap__s20261005"": [""attack_share_min"", ""max_no_price_hours""], ""last365__bootstrap__s20261003"": [""attack_share_min"", ""max_no_price_hours""], ""last365__bootstrap__s20261004"": [""attack_share_min"", ""max_no_price_hours""], ""last365__bootstrap__s20261005"": [""attack_share_min"", ""max_no_price_hours""], ""2021-22__bootstrap__s20261003"": [""attack_share_min"", ""max_no_price_hours""], ""2021-22__bootstrap__s20261004"": [""attack_share_min"", ""max_no_price_hours""], ""2021-22__bootstrap__s20261005"": [""attack_share_min"", ""max_no_price_hours""], ""2025-26__bootstrap__s20261003"": [""attack_share_min"", ""max_no_price_hours""], ""2025-26__bootstrap__s20261004"": [""attack_share_min"", ""max_no_price_hours""], ""2025-26__bootstrap__s20261005"": [""attack_share_min"", ""max_no_price_hours""], ""full__martingale__s20261003"": [""attack_share_min"", ""max_no_price_hours""], ""full__martingale__s20261004"": [""attack_share_min"", ""max_no_price_hours""], ""full__regime__s20261003"": [""attack_share_min"", ""max_no_price_hours""], ""full__regime__s20261004"": [""attack_share_min"", ""max_no_price_hours""], ""last365__martingale__s20261003"": [""attack_share_min"", ""max_no_price_hours""], ""last365__martingale__s20261004"": [""attack_share_min"", ""max_no_price_hours""], ""last365__regime__s20261003"": [""attack_share_min"", ""max_no_price_hours""], ""last365__regime__s20261004"": [""attack_share_min"", ""max_no_price_hours""]}"
pMidWindow,G1,576,1152,0.6,CHANGE,1.0,"{""CHANGE (env)"": 20}","{""\""1008\"""": 6, ""\""1152\"""": 12, ""\""864\"""": 2}","{""full"": 1152, ""last365"": 1008, ""2021-22"": 1152, ""2025-26"": 1152}","{""bootstrap"": 1008, ""martingale"": 1152, ""regime"": 1152}","{""20261003"": 1152, ""20261004"": 1152, ""20261005"": 1008}",unstable;window-sensitive;model-sensitive;seed-noise;none-feasible,20,1152,least-harm,0,20,"{""full__bootstrap__s20261003"": [""attack_share_min"", ""max_no_price_hours""], ""full__bootstrap__s20261004"": [""attack_share_min"", ""max_no_price_hours""], ""full__bootstrap__s20261005"": [""attack_share_min"", ""max_no_price_hours""], ""last365__bootstrap__s20261003"": [""attack_share_min"", ""max_no_price_hours""], ""last365__bootstrap__s20261004"": [""attack_share_min"", ""max_no_price_hours""], ""last365__bootstrap__s20261005"": [""attack_share_min"", ""max_no_price_hours""], ""2021-22__bootstrap__s20261003"": [""attack_share_min"", ""max_no_price_hours""], ""2021-22__bootstrap__s20261004"": [""attack_share_min"", ""max_no_price_hours""], ""2021-22__bootstrap__s20261005"": [""attack_share_min"", ""max_no_price_hours""], ""2025-26__bootstrap__s20261003"": [""attack_share_min"", ""max_no_price_hours""], ""2025-26__bootstrap__s20261004"": [""attack_share_min"", ""max_no_price_hours""], ""2025-26__bootstrap__s20261005"": [""attack_share_min"", ""max_no_price_hours""], ""full__martingale__s20261003"": [""attack_share_min"", ""max_no_price_hours""], ""full__martingale__s20261004"": [""attack_share_min"", ""max_no_price_hours""], ""full__regime__s20261003"": [""attack_share_min"", ""max_no_price_hours""], ""full__regime__s20261004"": [""attack_share_min"", ""max_no_price_hours""], ""last365__martingale__s20261003"": [""attack_share_min"", ""max_no_price_hours""], ""last365__martingale__s20261004"": [""attack_share_min"", ""max_no_price_hours""], ""last365__regime__s20261003"": [""attack_share_min"", ""max_no_price_hours""], ""last365__regime__s20261004"": [""attack_share_min"", ""max_no_price_hours""]}"
pSlowWindow,G1,2016,2016,0.6,KEEP,0.6,"{""CHANGE (env)"": 8, ""KEEP (env)"": 12}","{""\""1152\"""": 8, ""\""2016\"""": 12}","{""full"": 2016, ""last365"": 1152, ""2021-22"": 2016, ""2025-26"": 2016}","{""bootstrap"": 1152, ""martingale"": 2016, ""regime"": 2016}","{""20261003"": 2016, ""20261004"": 2016, ""20261005"": 1152}",unstable;window-sensitive;model-sensitive;seed-noise;none-feasible,20,2016,least-harm,0,20,"{""full__bootstrap__s20261003"": [""attack_share_min"", ""max_no_price_hours""], ""full__bootstrap__s20261004"": [""attack_share_min"", ""max_no_price_hours""], ""full__bootstrap__s20261005"": [""attack_share_min"", ""max_no_price_hours""], ""last365__bootstrap__s20261003"": [""attack_share_min"", ""max_no_price_hours""], ""last365__bootstrap__s20261004"": [""attack_share_min"", ""max_no_price_hours""], ""last365__bootstrap__s20261005"": [""attack_share_min"", ""max_no_price_hours""], ""2021-22__bootstrap__s20261003"": [""attack_share_min"", ""max_no_price_hours""], ""2021-22__bootstrap__s20261004"": [""attack_share_min"", ""max_no_price_hours""], ""2021-22__bootstrap__s20261005"": [""attack_share_min"", ""max_no_price_hours""], ""2025-26__bootstrap__s20261003"": [""attack_share_min"", ""max_no_price_hours""], ""2025-26__bootstrap__s20261004"": [""attack_share_min"", ""max_no_price_hours""], ""2025-26__bootstrap__s20261005"": [""attack_share_min"", ""max_no_price_hours""], ""full__martingale__s20261003"": [""attack_share_min"", ""max_no_price_hours""], ""full__martingale__s20261004"": [""attack_share_min"", ""max_no_price_hours""], ""full__regime__s20261003"": [""attack_share_min"", ""max_no_price_hours""], ""full__regime__s20261004"": [""attack_share_min"", ""max_no_price_hours""], ""last365__martingale__s20261003"": [""attack_share_min"", ""max_no_price_hours""], ""last365__martingale__s20261004"": [""attack_share_min"", ""max_no_price_hours""], ""last365__regime__s20261003"": [""attack_share_min"", ""max_no_price_hours""], ""last365__regime__s20261004"": [""attack_share_min"", ""max_no_price_hours""]}"
volStep,G2,48,48,0.75,KEEP,0.75,"{""KEEP"": 15, ""CHANGE"": 5}","{""\""48\"""": 15, ""\""96\"""": 5}","{""full"": 48, ""last365"": 48, ""2021-22"": 48, ""2025-26"": 48}","{""bootstrap"": 48, ""martingale"": 48, ""regime"": 48}","{""20261003"": 48, ""20261004"": 96, ""20261005"": 48}",unstable;seed-noise,20,96,feasibility,20,20,{}
sigmaRefBps,G2,10000,18000,0.1,CHANGE,0.9,"{""CHANGE"": 18, ""KEEP"": 2}","{""\""18000\"""": 2, ""\""17500\"""": 2, ""\""24500\"""": 2, ""\""17000\"""": 1, ""\""23500\"""": 1, ""\""24000\"""": 2, ""\""28000\"""": 1, ""\""29500\"""": 1, ""\""19500\"""": 2, ""\""18500\"""": 1, ""\""19000\"""": 1, ""\""10000\"""": 2, ""\""23000\"""": 2}","{""full"": 18000, ""last365"": 23000, ""2021-22"": 24500, ""2025-26"": 18000}","{""bootstrap"": 18000, ""martingale"": 18500, ""regime"": 10000}","{""20261003"": 18000, ""20261004"": 19500, ""20261005"": 24500}",unstable;window-sensitive;model-sensitive;seed-noise,20,19500,median,20,20,{}
sigmaMultMaxBps,G2,30000,50000,0.4,CHANGE,0.55,"{""CHANGE"": 11, ""BLOCKED"": 7, ""KEEP"": 2}","{""\""47500\"""": 3, ""\""50000\"""": 8, ""\""37500\"""": 1, ""\""45000\"""": 1, ""\""42500\"""": 3, ""\""32500\"""": 1, ""\""30000\"""": 2, ""\""40000\"""": 1}","{""full"": 47500, ""last365"": 50000, ""2021-22"": 30000, ""2025-26"": 50000}","{""bootstrap"": 50000, ""martingale"": 42500, ""regime"": 50000}","{""20261003"": 47500, ""20261004"": 50000, ""20261005"": 37500}",unstable;window-sensitive;model-sensitive;seed-noise,20,47500,median,20,20,{}
claimThresholdBps,G3,11000,12250,0.45,CHANGE,1.0,"{""CHANGE"": 20}","{""\""12250\"""": 9, ""\""11750\"""": 3, ""\""12500\"""": 4, ""\""12000\"""": 1, ""\""13250\"""": 3}","{""full"": 12250, ""last365"": 11750, ""2021-22"": 12500, ""2025-26"": 12250}","{""bootstrap"": 12250, ""martingale"": 12250, ""regime"": 13250}","{""20261003"": 12250, ""20261004"": 12250, ""20261005"": 12250}",unstable;window-sensitive;model-sensitive;seed-noise,20,13250,feasibility,20,20,{}
baseRatioBps[0],G3,50000,75000,0.25,CHANGE,0.85,"{""CHANGE"": 5, ""CHANGE (env)"": 12, ""KEEP"": 1, ""KEEP (env)"": 2}","{""\""72500\"""": 3, ""\""67500\"""": 3, ""\""75000\"""": 5, ""\""50000\"""": 3, ""\""62500\"""": 1, ""\""77500\"""": 2, ""\""57500\"""": 1, ""\""60000\"""": 1, ""\""70000\"""": 1}","{""full"": 72500, ""last365"": 75000, ""2021-22"": 50000, ""2025-26"": 77500}","{""bootstrap"": 75000, ""martingale"": 50000, ""regime"": 72500}","{""20261003"": 72500, ""20261004"": 75000, ""20261005"": 67500}",unstable;window-sensitive;model-sensitive;seed-noise,20,72500,feasibility,6,20,"{""last365__bootstrap__s20261003"": [""bad_debt_A""], ""last365__bootstrap__s20261004"": [""bad_debt_A""], ""last365__bootstrap__s20261005"": [""bad_debt_A""], ""2025-26__bootstrap__s20261003"": [""bad_debt_A""], ""2025-26__bootstrap__s20261004"": [""bad_debt_A""], ""2025-26__bootstrap__s20261005"": [""bad_debt_A""], ""full__martingale__s20261003"": [""bad_debt_A""], ""full__martingale__s20261004"": [""bad_debt_A""], ""full__regime__s20261003"": [""bad_debt_A""], ""full__regime__s20261004"": [""bad_debt_A""], ""last365__martingale__s20261003"": [""bad_debt_A""], ""last365__martingale__s20261004"": [""bad_debt_A""], ""last365__regime__s20261003"": [""bad_debt_A""], ""last365__regime__s20261004"": [""bad_debt_A""]}"
baseRatioBps[1],G3,40000,62500,0.25,CHANGE,0.8,"{""CHANGE (env)"": 16, ""KEEP (env)"": 4}","{""\""62500\"""": 5, ""\""55000\"""": 2, ""\""52500\"""": 4, ""\""65000\"""": 1, ""\""57500\"""": 4, ""\""40000\"""": 4}","{""full"": 62500, ""last365"": 52500, ""2021-22"": 62500, ""2025-26"": 57500}","{""bootstrap"": 62500, ""martingale"": 40000, ""regime"": 57500}","{""20261003"": 57500, ""20261004"": 62500, ""20261005"": 62500}",unstable;window-sensitive;model-sensitive;seed-noise;none-feasible,20,62500,least-harm,0,20,"{""full__bootstrap__s20261003"": [""bad_debt_B""], ""full__bootstrap__s20261004"": [""bad_debt_B""], ""full__bootstrap__s20261005"": [""bad_debt_B""], ""last365__bootstrap__s20261003"": [""bad_debt_B""], ""last365__bootstrap__s20261004"": [""bad_debt_B""], ""last365__bootstrap__s20261005"": [""bad_debt_B""], ""2021-22__bootstrap__s20261003"": [""bad_debt_B""], ""2021-22__bootstrap__s20261004"": [""bad_debt_B""], ""2021-22__bootstrap__s20261005"": [""bad_debt_B""], ""2025-26__bootstrap__s20261003"": [""bad_debt_B""], ""2025-26__bootstrap__s20261004"": [""bad_debt_B""], ""2025-26__bootstrap__s20261005"": [""bad_debt_B""], ""full__martingale__s20261003"": [""bad_debt_B""], ""full__martingale__s20261004"": [""bad_debt_B""], ""full__regime__s20261003"": [""bad_debt_B""], ""full__regime__s20261004"": [""bad_debt_B""], ""last365__martingale__s20261003"": [""bad_debt_B""], ""last365__martingale__s20261004"": [""bad_debt_B""], ""last365__regime__s20261003"": [""bad_debt_B""], ""last365__regime__s20261004"": [""bad_debt_B""]}"
baseRatioBps[2],G3,30000,30000,0.65,KEEP,0.65,"{""CHANGE (env)"": 7, ""KEEP (env)"": 13}","{""\""40000\"""": 2, ""\""42500\"""": 2, ""\""30000\"""": 13, ""\""47500\"""": 1, ""\""45000\"""": 1, ""\""32500\"""": 1}","{""full"": 30000, ""last365"": 30000, ""2021-22"": 47500, ""2025-26"": 30000}","{""bootstrap"": 30000, ""martingale"": 30000, ""regime"": 30000}","{""20261003"": 30000, ""20261004"": 30000, ""20261005"": 30000}",unstable;window-sensitive;seed-noise;none-feasible,20,30000,least-harm,0,20,"{""full__bootstrap__s20261003"": [""bad_debt_C""], ""full__bootstrap__s20261004"": [""bad_debt_C""], ""full__bootstrap__s20261005"": [""bad_debt_C""], ""last365__bootstrap__s20261003"": [""bad_debt_C""], ""last365__bootstrap__s20261004"": [""bad_debt_C""], ""last365__bootstrap__s20261005"": [""bad_debt_C""], ""2021-22__bootstrap__s20261003"": [""bad_debt_C""], ""2021-22__bootstrap__s20261004"": [""bad_debt_C""], ""2021-22__bootstrap__s20261005"": [""bad_debt_C""], ""2025-26__bootstrap__s20261003"": [""bad_debt_C""], ""2025-26__bootstrap__s20261004"": [""bad_debt_C""], ""2025-26__bootstrap__s20261005"": [""bad_debt_C""], ""full__martingale__s20261003"": [""bad_debt_C""], ""full__martingale__s20261004"": [""bad_debt_C""], ""full__regime__s20261003"": [""bad_debt_C""], ""full__regime__s20261004"": [""bad_debt_C""], ""last365__martingale__s20261003"": [""bad_debt_C""], ""last365__martingale__s20261004"": [""bad_debt_C""], ""last365__regime__s20261003"": [""bad_debt_C""], ""last365__regime__s20261004"": [""bad_debt_C""]}"
signalWindow,G5,2016,3744,0.7,CHANGE,1.0,"{""CHANGE"": 20}","{""\""4032\"""": 2, ""\""3456\"""": 2, ""\""3744\"""": 14, ""\""3168\"""": 2}","{""full"": 3744, ""last365"": 3744, ""2021-22"": 3744, ""2025-26"": 3744}","{""bootstrap"": 3744, ""martingale"": 3744, ""regime"": 3744}","{""20261003"": 3744, ""20261004"": 3744, ""20261005"": 3744}",unstable;seed-noise,20,3168,feasibility,20,20,{}
activationThreshold,G5,1512,2808,0.7,CHANGE,1.0,"{""CHANGE (pin)"": 20}","{""\""3024\"""": 2, ""\""2592\"""": 2, ""\""2808\"""": 14, ""\""2376\"""": 2}","{""full"": 2808, ""last365"": 2808, ""2021-22"": 2808, ""2025-26"": 2808}","{""bootstrap"": 2808, ""martingale"": 2808, ""regime"": 2808}","{""20261003"": 2808, ""20261004"": 2808, ""20261005"": 2808}",unstable;seed-noise,20,2376,feasibility,20,20,{}
participationFloor,G5,1210,2247,0.7,CHANGE,1.0,"{""CHANGE (pin)"": 20}","{""\""2420\"""": 2, ""\""2074\"""": 2, ""\""2247\"""": 14, ""\""1901\"""": 2}","{""full"": 2247, ""last365"": 2247, ""2021-22"": 2247, ""2025-26"": 2247}","{""bootstrap"": 2247, ""martingale"": 2247, ""regime"": 2247}","{""20261003"": 2247, ""20261004"": 2247, ""20261005"": 2247}",unstable;seed-noise,20,1901,feasibility,20,20,{}
enforcementFloor,G5,1008,1872,0.7,CHANGE,1.0,"{""CHANGE (pin)"": 20}","{""\""2016\"""": 2, ""\""1728\"""": 2, ""\""1872\"""": 14, ""\""1584\"""": 2}","{""full"": 1872, ""last365"": 1872, ""2021-22"": 1872, ""2025-26"": 1872}","{""bootstrap"": 1872, ""martingale"": 1872, ""regime"": 1872}","{""20261003"": 1872, ""20261004"": 1872, ""20261005"": 1872}",unstable;seed-noise,20,1584,feasibility,20,20,{}
enforcementResume,G5,1210,2247,0.7,CHANGE,1.0,"{""CHANGE (pin)"": 20}","{""\""2420\"""": 2, ""\""2074\"""": 2, ""\""2247\"""": 14, ""\""1901\"""": 2}","{""full"": 2247, ""last365"": 2247, ""2021-22"": 2247, ""2025-26"": 2247}","{""bootstrap"": 2247, ""martingale"": 2247, ""regime"": 2247}","{""20261003"": 2247, ""20261004"": 2247, ""20261005"": 2247}",unstable;seed-noise,20,1901,feasibility,20,20,{}
deviationBps,G6,1000,1500,0.3,CHANGE,0.8,"{""CHANGE"": 16, ""BLOCKED"": 1, ""KEEP"": 3}","{""\""1600\"""": 3, ""\""1500\"""": 6, ""\""1700\"""": 1, ""\""1800\"""": 2, ""\""1000\"""": 4, ""\""1400\"""": 3, ""\""1100\"""": 1}","{""full"": 1500, ""last365"": 1500, ""2021-22"": 1800, ""2025-26"": 1400}","{""bootstrap"": 1600, ""martingale"": 1500, ""regime"": 1000}","{""20261003"": 1500, ""20261004"": 1500, ""20261005"": 1500}",unstable;window-sensitive;model-sensitive;seed-noise,20,1800,feasibility,19,20,"{""2021-22__bootstrap__s20261005"": [""false_penalty_stale""]}"
nPenalty,G6,288,192,0.55,CHANGE,0.6,"{""CHANGE"": 12, ""KEEP"": 8}","{""\""192\"""": 11, ""\""240\"""": 1, ""\""288\"""": 8}","{""full"": 192, ""last365"": 192, ""2021-22"": 240, ""2025-26"": 288}","{""bootstrap"": 192, ""martingale"": 288, ""regime"": 192}","{""20261003"": 192, ""20261004"": 288, ""20261005"": 192}",unstable;window-sensitive;model-sensitive;seed-noise,20,288,feasibility,20,20,{}
divergenceBps,G7,2000,2000,0.6,BLOCKED,0.6,"{""BLOCKED"": 12, ""CHANGE"": 8}","{""\""2000\"""": 12, ""\""2500\"""": 7, ""\""3000\"""": 1}","{""full"": 2000, ""last365"": 2500, ""2021-22"": 2000, ""2025-26"": 2000}","{""bootstrap"": 2000, ""martingale"": 2500, ""regime"": 2500}","{""20261003"": 2000, ""20261004"": 2000, ""20261005"": 2000}",unstable;window-sensitive;model-sensitive;seed-noise,20,2500,feasibility,7,20,"{""full__bootstrap__s20261003"": [""recall""], ""full__bootstrap__s20261004"": [""recall""], ""full__bootstrap__s20261005"": [""recall"", ""calm_availability""], ""last365__bootstrap__s20261003"": [""recall""], ""last365__bootstrap__s20261005"": [""recall""], ""2021-22__bootstrap__s20261003"": [""calm_availability""], ""2021-22__bootstrap__s20261004"": [""calm_availability""], ""2021-22__bootstrap__s20261005"": [""calm_availability""], ""2025-26__bootstrap__s20261004"": [""recall""], ""2025-26__bootstrap__s20261005"": [""recall""], ""full__martingale__s20261004"": [""calm_availability""], ""full__regime__s20261004"": [""calm_availability""], ""last365__regime__s20261003"": [""recall""]}"
divergeBpsAttest,G8,1500,1500,0.35,CHANGE,0.65,"{""KEEP"": 7, ""CHANGE"": 13}","{""\""1500\"""": 7, ""\""1000\"""": 6, ""\""2200\"""": 1, ""\""1900\"""": 2, ""\""800\"""": 1, ""\""600\"""": 2, ""\""700\"""": 1}","{""full"": 1500, ""last365"": 1000, ""2021-22"": 2200, ""2025-26"": 1500}","{""bootstrap"": 1500, ""martingale"": 1500, ""regime"": 600}","{""20261003"": 1500, ""20261004"": 1000, ""20261005"": 1000}",unstable;window-sensitive;model-sensitive;seed-noise;none-feasible,20,1500,least-harm,0,20,"{""full__bootstrap__s20261003"": [""grief_capture""], ""full__bootstrap__s20261004"": [""grief_capture""], ""full__bootstrap__s20261005"": [""grief_capture""], ""last365__bootstrap__s20261003"": [""grief_capture""], ""last365__bootstrap__s20261004"": [""grief_capture""], ""last365__bootstrap__s20261005"": [""grief_capture""], ""2021-22__bootstrap__s20261003"": [""grief_capture""], ""2021-22__bootstrap__s20261004"": [""grief_capture""], ""2021-22__bootstrap__s20261005"": [""grief_capture""], ""2025-26__bootstrap__s20261003"": [""grief_capture""], ""2025-26__bootstrap__s20261004"": [""grief_capture""], ""2025-26__bootstrap__s20261005"": [""grief_capture""], ""full__martingale__s20261003"": [""grief_capture""], ""full__martingale__s20261004"": [""grief_capture""], ""full__regime__s20261003"": [""grief_capture""], ""full__regime__s20261004"": [""grief_capture""], ""last365__martingale__s20261003"": [""grief_capture""], ""last365__martingale__s20261004"": [""grief_capture""], ""last365__regime__s20261003"": [""grief_capture""], ""last365__regime__s20261004"": [""grief_capture""]}"
volWindow,G2,2016,2016,0.95,KEEP,0.95,"{""KEEP"": 19, ""CHANGE"": 1}","{""\""2016\"""": 19, ""\""1440\"""": 1}","{""full"": 2016, ""last365"": 2016, ""2021-22"": 2016, ""2025-26"": 2016}","{""bootstrap"": 2016, ""martingale"": 2016, ""regime"": 2016}","{""20261003"": 2016, ""20261004"": 2016, ""20261005"": 2016}",seed-noise,20,2016,feasibility,19,19,"{""last365__bootstrap__s20261004"": [""not evaluated""]}"
emergencyRatioBps,G3,10500,10500,1.0,PROVISIONAL,1.0,"{""PROVISIONAL"": 20}","{""\""10500\"""": 20}","{""full"": 10500, ""last365"": 10500, ""2021-22"": 10500, ""2025-26"": 10500}","{""bootstrap"": 10500, ""martingale"": 10500, ""regime"": 10500}","{""20261003"": 10500, ""20261004"": 10500, ""20261005"": 10500}",none-feasible,20,10500,least-harm,0,20,"{""full__bootstrap__s20261003"": [""bad_debt_B"", ""bad_debt_C""], ""full__bootstrap__s20261004"": [""bad_debt_B"", ""bad_debt_C""], ""full__bootstrap__s20261005"": [""bad_debt_B"", ""bad_debt_C""], ""last365__bootstrap__s20261003"": [""bad_debt_A"", ""bad_debt_B"", ""bad_debt_C""], ""last365__bootstrap__s20261004"": [""bad_debt_A"", ""bad_debt_B"", ""bad_debt_C""], ""last365__bootstrap__s20261005"": [""bad_debt_A"", ""bad_debt_B"", ""bad_debt_C""], ""2021-22__bootstrap__s20261003"": [""bad_debt_B"", ""bad_debt_C""], ""2021-22__bootstrap__s20261004"": [""bad_debt_B"", ""bad_debt_C""], ""2021-22__bootstrap__s20261005"": [""bad_debt_B"", ""bad_debt_C""], ""2025-26__bootstrap__s20261003"": [""bad_debt_A"", ""bad_debt_B"", ""bad_debt_C""], ""2025-26__bootstrap__s20261004"": [""bad_debt_A"", ""bad_debt_B"", ""bad_debt_C""], ""2025-26__bootstrap__s20261005"": [""bad_debt_A"", ""bad_debt_B"", ""bad_debt_C""], ""full__martingale__s20261003"": [""bad_debt_A"", ""bad_debt_B"", ""bad_debt_C""], ""full__martingale__s20261004"": [""bad_debt_A"", ""bad_debt_B"", ""bad_debt_C""], ""full__regime__s20261003"": [""bad_debt_A"", ""bad_debt_B"", ""bad_debt_C""], ""full__regime__s20261004"": [""bad_debt_A"", ""bad_debt_B"", ""bad_debt_C""], ""last365__martingale__s20261003"": [""bad_debt_A"", ""bad_debt_B"", ""bad_debt_C""], ""last365__martingale__s20261004"": [""bad_debt_A"", ""bad_debt_B"", ""bad_debt_C""], ""last365__regime__s20261003"": [""bad_debt_A"", ""bad_debt_B"", ""bad_debt_C""], ""last365__regime__s20261004"": [""bad_debt_A"", ""bad_debt_B"", ""bad_debt_C""]}"
valveBlocks,G5,6,6,1.0,KEEP,1.0,"{""KEEP (pin)"": 20}","{""\""6\"""": 20}","{""full"": 6, ""last365"": 6, ""2021-22"": 6, ""2025-26"": 6}","{""bootstrap"": 6, ""martingale"": 6, ""regime"": 6}","{""20261003"": 6, ""20261004"": 6, ""20261005"": 6}",none-feasible,20,6,least-harm,0,20,"{""full__bootstrap__s20261003"": [""valve_minority""], ""full__bootstrap__s20261004"": [""valve_minority""], ""full__bootstrap__s20261005"": [""valve_minority""], ""last365__bootstrap__s20261003"": [""valve_minority""], ""last365__bootstrap__s20261004"": [""valve_minority""], ""last365__bootstrap__s20261005"": [""valve_minority""], ""2021-22__bootstrap__s20261003"": [""valve_minority""], ""2021-22__bootstrap__s20261004"": [""valve_minority""], ""2021-22__bootstrap__s20261005"": [""valve_minority""], ""2025-26__bootstrap__s20261003"": [""valve_minority""], ""2025-26__bootstrap__s20261004"": [""valve_minority""], ""2025-26__bootstrap__s20261005"": [""valve_minority""], ""full__martingale__s20261003"": [""valve_minority""], ""full__martingale__s20261004"": [""valve_minority""], ""full__regime__s20261003"": [""valve_minority""], ""full__regime__s20261004"": [""valve_minority""], ""last365__martingale__s20261003"": [""valve_minority""], ""last365__martingale__s20261004"": [""valve_minority""], ""last365__regime__s20261003"": [""valve_minority""], ""last365__regime__s20261004"": [""valve_minority""]}"
accuracyBandBps,G6,300,100,1.0,CHANGE,1.0,"{""CHANGE"": 20}","{""\""100\"""": 20}","{""full"": 100, ""last365"": 100, ""2021-22"": 100, ""2025-26"": 100}","{""bootstrap"": 100, ""martingale"": 100, ""regime"": 100}","{""20261003"": 100, ""20261004"": 100, ""20261005"": 100}",none-feasible,20,100,least-harm,0,20,"{""full__bootstrap__s20261003"": [""attestor_revenue""], ""full__bootstrap__s20261004"": [""attestor_revenue""], ""full__bootstrap__s20261005"": [""attestor_revenue""], ""last365__bootstrap__s20261003"": [""attestor_revenue""], ""last365__bootstrap__s20261004"": [""attestor_revenue""], ""last365__bootstrap__s20261005"": [""attestor_revenue""], ""2021-22__bootstrap__s20261003"": [""attestor_revenue""], ""2021-22__bootstrap__s20261004"": [""attestor_revenue""], ""2021-22__bootstrap__s20261005"": [""false_penalty_stale"", ""dev_margin"", ""attestor_revenue""], ""2025-26__bootstrap__s20261003"": [""attestor_revenue""], ""2025-26__bootstrap__s20261004"": [""attestor_revenue""], ""2025-26__bootstrap__s20261005"": [""attestor_revenue""], ""full__martingale__s20261003"": [""attestor_revenue""], ""full__martingale__s20261004"": [""attestor_revenue""], ""full__regime__s20261003"": [""attestor_revenue""], ""full__regime__s20261004"": [""attestor_revenue""], ""last365__martingale__s20261003"": [""attestor_revenue""], ""last365__martingale__s20261004"": [""attestor_revenue""], ""last365__regime__s20261003"": [""attestor_revenue""], ""last365__regime__s20261004"": [""attestor_revenue""]}"
feeBps,G6,25,10,0.85,CHANGE,1.0,"{""CHANGE (env)"": 20}","{""\""10\"""": 17, ""\""15\"""": 3}","{""full"": 10, ""last365"": 10, ""2021-22"": 10, ""2025-26"": 10}","{""bootstrap"": 10, ""martingale"": 15, ""regime"": 10}","{""20261003"": 10, ""20261004"": 10, ""20261005"": 10}",model-sensitive;seed-noise;none-feasible,20,10,least-harm,0,20,"{""full__bootstrap__s20261003"": [""fee_share""], ""full__bootstrap__s20261004"": [""fee_share""], ""full__bootstrap__s20261005"": [""fee_share""], ""last365__bootstrap__s20261003"": [""fee_share""], ""last365__bootstrap__s20261004"": [""fee_share""], ""last365__bootstrap__s20261005"": [""fee_share""], ""2021-22__bootstrap__s20261003"": [""fee_share""], ""2021-22__bootstrap__s20261004"": [""fee_share""], ""2021-22__bootstrap__s20261005"": [""fee_share""], ""2025-26__bootstrap__s20261003"": [""fee_share""], ""2025-26__bootstrap__s20261004"": [""fee_share""], ""2025-26__bootstrap__s20261005"": [""fee_share""], ""full__martingale__s20261003"": [""fee_share"", ""attestor_revenue""], ""full__martingale__s20261004"": [""fee_share"", ""attestor_revenue""], ""full__regime__s20261003"": [""fee_share""], ""full__regime__s20261004"": [""fee_share""], ""last365__martingale__s20261003"": [""fee_share"", ""attestor_revenue""], ""last365__martingale__s20261004"": [""fee_share"", ""attestor_revenue""], ""last365__regime__s20261003"": [""fee_share""], ""last365__regime__s20261004"": [""fee_share""]}"
attestFeeBps,G6,2500,2500,1.0,KEEP,1.0,"{""KEEP (pin)"": 20}","{""\""2500\"""": 20}","{""full"": 2500, ""last365"": 2500, ""2021-22"": 2500, ""2025-26"": 2500}","{""bootstrap"": 2500, ""martingale"": 2500, ""regime"": 2500}","{""20261003"": 2500, ""20261004"": 2500, ""20261005"": 2500}",none-feasible,20,2500,least-harm,0,20,"{""full__bootstrap__s20261003"": [""attestor_revenue""], ""full__bootstrap__s20261004"": [""attestor_revenue""], ""full__bootstrap__s20261005"": [""attestor_revenue""], ""last365__bootstrap__s20261003"": [""attestor_revenue""], ""last365__bootstrap__s20261004"": [""attestor_revenue""], ""last365__bootstrap__s20261005"": [""attestor_revenue""], ""2021-22__bootstrap__s20261003"": [""attestor_revenue""], ""2021-22__bootstrap__s20261004"": [""attestor_revenue""], ""2021-22__bootstrap__s20261005"": [""attestor_revenue""], ""2025-26__bootstrap__s20261003"": [""attestor_revenue""], ""2025-26__bootstrap__s20261004"": [""attestor_revenue""], ""2025-26__bootstrap__s20261005"": [""attestor_revenue""], ""full__martingale__s20261003"": [""attestor_revenue""], ""full__martingale__s20261004"": [""attestor_revenue""], ""full__regime__s20261003"": [""attestor_revenue""], ""full__regime__s20261004"": [""attestor_revenue""], ""last365__martingale__s20261003"": [""attestor_revenue""], ""last365__martingale__s20261004"": [""attestor_revenue""], ""last365__regime__s20261003"": [""attestor_revenue""], ""last365__regime__s20261004"": [""attestor_revenue""]}"
globalRatioHaltBps,G7,25000,25000,1.0,KEEP,1.0,"{""KEEP (pin)"": 20}","{""\""25000\"""": 20}","{""full"": 25000, ""last365"": 25000, ""2021-22"": 25000, ""2025-26"": 25000}","{""bootstrap"": 25000, ""martingale"": 25000, ""regime"": 25000}","{""20261003"": 25000, ""20261004"": 25000, ""20261005"": 25000}",none-feasible,20,25000,least-harm,0,20,"{""full__bootstrap__s20261003"": [""halt_sys_bad""], ""full__bootstrap__s20261004"": [""halt_sys_bad""], ""full__bootstrap__s20261005"": [""halt_sys_bad""], ""last365__bootstrap__s20261003"": [""halt_sys_bad""], ""last365__bootstrap__s20261004"": [""halt_sys_bad""], ""last365__bootstrap__s20261005"": [""halt_sys_bad""], ""2021-22__bootstrap__s20261003"": [""halt_sys_bad""], ""2021-22__bootstrap__s20261004"": [""halt_sys_bad""], ""2021-22__bootstrap__s20261005"": [""halt_sys_bad""], ""2025-26__bootstrap__s20261003"": [""halt_sys_bad""], ""2025-26__bootstrap__s20261004"": [""halt_sys_bad""], ""2025-26__bootstrap__s20261005"": [""halt_sys_bad""], ""full__martingale__s20261003"": [""halt_sys_bad""], ""full__martingale__s20261004"": [""halt_sys_bad""], ""full__regime__s20261003"": [""halt_sys_bad""], ""full__regime__s20261004"": [""halt_sys_bad""], ""last365__martingale__s20261003"": [""halt_sys_bad""], ""last365__martingale__s20261004"": [""halt_sys_bad""], ""last365__regime__s20261003"": [""halt_sys_bad""], ""last365__regime__s20261004"": [""halt_sys_bad""]}"
pinDeltaBps,G8,500,500,1.0,KEEP,1.0,"{""KEEP"": 20}","{""\""500\"""": 20}","{""full"": 500, ""last365"": 500, ""2021-22"": 500, ""2025-26"": 500}","{""bootstrap"": 500, ""martingale"": 500, ""regime"": 500}","{""20261003"": 500, ""20261004"": 500, ""20261005"": 500}",none-feasible,20,500,least-harm,0,20,"{""full__bootstrap__s20261003"": [""grief_capture""], ""full__bootstrap__s20261004"": [""grief_capture""], ""full__bootstrap__s20261005"": [""grief_capture""], ""last365__bootstrap__s20261003"": [""grief_capture""], ""last365__bootstrap__s20261004"": [""grief_capture""], ""last365__bootstrap__s20261005"": [""grief_capture""], ""2021-22__bootstrap__s20261003"": [""grief_capture""], ""2021-22__bootstrap__s20261004"": [""grief_capture""], ""2021-22__bootstrap__s20261005"": [""grief_capture""], ""2025-26__bootstrap__s20261003"": [""grief_capture""], ""2025-26__bootstrap__s20261004"": [""grief_capture""], ""2025-26__bootstrap__s20261005"": [""grief_capture""], ""full__martingale__s20261003"": [""grief_capture""], ""full__martingale__s20261004"": [""grief_capture""], ""full__regime__s20261003"": [""grief_capture""], ""full__regime__s20261004"": [""grief_capture""], ""last365__martingale__s20261003"": [""grief_capture""], ""last365__martingale__s20261004"": [""grief_capture""], ""last365__regime__s20261003"": [""grief_capture""], ""last365__regime__s20261004"": [""grief_capture""]}"
maxMint,G9,1000000,1000000,1.0,KEEP,1.0,"{""KEEP (env)"": 20}","{""\""1000000\"""": 20}","{""full"": 1000000, ""last365"": 1000000, ""2021-22"": 1000000, ""2025-26"": 1000000}","{""bootstrap"": 1000000, ""martingale"": 1000000, ""regime"": 1000000}","{""20261003"": 1000000, ""20261004"": 1000000, ""20261005"": 1000000}",none-feasible,20,1000000,least-harm,0,20,"{""full__bootstrap__s20261003"": [""maxMint_ok""], ""full__bootstrap__s20261004"": [""maxMint_ok""], ""full__bootstrap__s20261005"": [""maxMint_ok""], ""last365__bootstrap__s20261003"": [""maxMint_ok""], ""last365__bootstrap__s20261004"": [""maxMint_ok""], ""last365__bootstrap__s20261005"": [""maxMint_ok""], ""2021-22__bootstrap__s20261003"": [""maxMint_ok""], ""2021-22__bootstrap__s20261004"": [""maxMint_ok""], ""2021-22__bootstrap__s20261005"": [""maxMint_ok""], ""2025-26__bootstrap__s20261003"": [""maxMint_ok""], ""2025-26__bootstrap__s20261004"": [""maxMint_ok""], ""2025-26__bootstrap__s20261005"": [""maxMint_ok""], ""full__martingale__s20261003"": [""maxMint_ok""], ""full__martingale__s20261004"": [""maxMint_ok""], ""full__regime__s20261003"": [""maxMint_ok""], ""full__regime__s20261004"": [""maxMint_ok""], ""last365__martingale__s20261003"": [""maxMint_ok""], ""last365__martingale__s20261004"": [""maxMint_ok""], ""last365__regime__s20261003"": [""maxMint_ok""], ""last365__regime__s20261004"": [""maxMint_ok""]}"
classMin[0],G3,34560,34560,1.0,KEEP,1.0,"{""KEEP (pin)"": 20}","{""\""34560\"""": 20}","{""full"": 34560, ""last365"": 34560, ""2021-22"": 34560, ""2025-26"": 34560}","{""bootstrap"": 34560, ""martingale"": 34560, ""regime"": 34560}","{""20261003"": 34560, ""20261004"": 34560, ""20261005"": 34560}",,20,34560,median,20,20,{}
classMin[1],G3,103681,103681,1.0,KEEP,1.0,"{""KEEP (pin)"": 20}","{""\""103681\"""": 20}","{""full"": 103681, ""last365"": 103681, ""2021-22"": 103681, ""2025-26"": 103681}","{""bootstrap"": 103681, ""martingale"": 103681, ""regime"": 103681}","{""20261003"": 103681, ""20261004"": 103681, ""20261005"": 103681}",,20,103681,median,20,20,{}
classMin[2],G3,420481,420481,1.0,KEEP,1.0,"{""KEEP (pin)"": 20}","{""\""420481\"""": 20}","{""full"": 420481, ""last365"": 420481, ""2021-22"": 420481, ""2025-26"": 420481}","{""bootstrap"": 420481, ""martingale"": 420481, ""regime"": 420481}","{""20261003"": 420481, ""20261004"": 420481, ""20261005"": 420481}",,20,420481,median,20,20,{}
classMax[0],G3,103680,103680,1.0,KEEP,1.0,"{""KEEP (pin)"": 20}","{""\""103680\"""": 20}","{""full"": 103680, ""last365"": 103680, ""2021-22"": 103680, ""2025-26"": 103680}","{""bootstrap"": 103680, ""martingale"": 103680, ""regime"": 103680}","{""20261003"": 103680, ""20261004"": 103680, ""20261005"": 103680}",,20,103680,median,20,20,{}
classMax[1],G3,420480,420480,1.0,KEEP,1.0,"{""KEEP (pin)"": 20}","{""\""420480\"""": 20}","{""full"": 420480, ""last365"": 420480, ""2021-22"": 420480, ""2025-26"": 420480}","{""bootstrap"": 420480, ""martingale"": 420480, ""regime"": 420480}","{""20261003"": 420480, ""20261004"": 420480, ""20261005"": 420480}",,20,420480,median,20,20,{}
classMax[2],G3,2102400,2102400,1.0,KEEP,1.0,"{""KEEP (pin)"": 20}","{""\""2102400\"""": 20}","{""full"": 2102400, ""last365"": 2102400, ""2021-22"": 2102400, ""2025-26"": 2102400}","{""bootstrap"": 2102400, ""martingale"": 2102400, ""regime"": 2102400}","{""20261003"": 2102400, ""20261004"": 2102400, ""20261005"": 2102400}",,20,2102400,median,20,20,{}
abandonBlocks,G4,34560,34560,1.0,KEEP,1.0,"{""KEEP (pin)"": 20}","{""\""34560\"""": 20}","{""full"": 34560, ""last365"": 34560, ""2021-22"": 34560, ""2025-26"": 34560}","{""bootstrap"": 34560, ""martingale"": 34560, ""regime"": 34560}","{""20261003"": 34560, ""20261004"": 34560, ""20261005"": 34560}",,20,34560,median,20,20,{}
grace,G4,34560,34560,1.0,KEEP,1.0,"{""KEEP (pin)"": 20}","{""\""34560\"""": 20}","{""full"": 34560, ""last365"": 34560, ""2021-22"": 34560, ""2025-26"": 34560}","{""bootstrap"": 34560, ""martingale"": 34560, ""regime"": 34560}","{""20261003"": 34560, ""20261004"": 34560, ""20261005"": 34560}",,20,34560,median,20,20,{}
activationDelay,G5,2016,2016,1.0,KEEP,1.0,"{""KEEP"": 20}","{""\""2016\"""": 20}","{""full"": 2016, ""last365"": 2016, ""2021-22"": 2016, ""2025-26"": 2016}","{""bootstrap"": 2016, ""martingale"": 2016, ""regime"": 2016}","{""20261003"": 2016, ""20261004"": 2016, ""20261005"": 2016}",,20,2016,feasibility,20,20,{}
nReg,G6,576,576,1.0,KEEP,1.0,"{""KEEP"": 20}","{""\""576\"""": 20}","{""full"": 576, ""last365"": 576, ""2021-22"": 576, ""2025-26"": 576}","{""bootstrap"": 576, ""martingale"": 576, ""regime"": 576}","{""20261003"": 576, ""20261004"": 576, ""20261005"": 576}",,20,576,feasibility,20,20,{}
peerLag,G6,10,10,1.0,KEEP,1.0,"{""KEEP"": 20}","{""\""10\"""": 20}","{""full"": 10, ""last365"": 10, ""2021-22"": 10, ""2025-26"": 10}","{""bootstrap"": 10, ""martingale"": 10, ""regime"": 10}","{""20261003"": 10, ""20261004"": 10, ""20261005"": 10}",,20,10,feasibility,20,20,{}
peerMin,G6,5,12,1.0,CHANGE,1.0,"{""CHANGE"": 20}","{""\""12\"""": 20}","{""full"": 12, ""last365"": 12, ""2021-22"": 12, ""2025-26"": 12}","{""bootstrap"": 12, ""martingale"": 12, ""regime"": 12}","{""20261003"": 12, ""20261004"": 12, ""20261005"": 12}",,20,12,median,20,20,{}
payeeWindow,G6,100,100,1.0,KEEP,1.0,"{""KEEP"": 20}","{""\""100\"""": 20}","{""full"": 100, ""last365"": 100, ""2021-22"": 100, ""2025-26"": 100}","{""bootstrap"": 100, ""martingale"": 100, ""regime"": 100}","{""20261003"": 100, ""20261004"": 100, ""20261005"": 100}",,20,100,feasibility,20,20,{}
feeMin,G6,50000000,50000000,0.85,KEEP,0.85,"{""KEEP"": 17, ""CHANGE"": 3}","{""\""50000000\"""": 17, ""\""40000000\"""": 3}","{""full"": 50000000, ""last365"": 50000000, ""2021-22"": 50000000, ""2025-26"": 50000000}","{""bootstrap"": 50000000, ""martingale"": 50000000, ""regime"": 50000000}","{""20261003"": 50000000, ""20261004"": 50000000, ""20261005"": 50000000}",,20,40000000,feasibility,20,20,{}
accuracyWindow,G6,576,576,1.0,KEEP,1.0,"{""KEEP"": 20}","{""\""576\"""": 20}","{""full"": 576, ""last365"": 576, ""2021-22"": 576, ""2025-26"": 576}","{""bootstrap"": 576, ""martingale"": 576, ""regime"": 576}","{""20261003"": 576, ""20261004"": 576, ""20261005"": 576}",,20,576,feasibility,20,20,{}
payeeTiltBps,G6,10000,10000,1.0,KEEP,1.0,"{""KEEP"": 20}","{""\""10000\"""": 20}","{""full"": 10000, ""last365"": 10000, ""2021-22"": 10000, ""2025-26"": 10000}","{""bootstrap"": 10000, ""martingale"": 10000, ""regime"": 10000}","{""20261003"": 10000, ""20261004"": 10000, ""20261005"": 10000}",,20,10000,feasibility,20,20,{}
supplyCapBps,G7,1500,1500,1.0,KEEP,1.0,"{""KEEP (pin)"": 20}","{""\""1500\"""": 20}","{""full"": 1500, ""last365"": 1500, ""2021-22"": 1500, ""2025-26"": 1500}","{""bootstrap"": 1500, ""martingale"": 1500, ""regime"": 1500}","{""20261003"": 1500, ""20261004"": 1500, ""20261005"": 1500}",,20,1500,feasibility,4,20,"{""full__bootstrap__s20261003"": [""depth_bound""], ""full__bootstrap__s20261004"": [""depth_bound""], ""full__bootstrap__s20261005"": [""depth_bound""], ""last365__bootstrap__s20261003"": [""depth_bound""], ""last365__bootstrap__s20261004"": [""depth_bound""], ""last365__bootstrap__s20261005"": [""depth_bound""], ""2025-26__bootstrap__s20261003"": [""depth_bound""], ""2025-26__bootstrap__s20261004"": [""depth_bound""], ""2025-26__bootstrap__s20261005"": [""depth_bound""], ""full__martingale__s20261003"": [""depth_bound""], ""full__regime__s20261003"": [""depth_bound""], ""full__regime__s20261004"": [""depth_bound""], ""last365__martingale__s20261003"": [""depth_bound""], ""last365__martingale__s20261004"": [""depth_bound""], ""last365__regime__s20261003"": [""depth_bound""], ""last365__regime__s20261004"": [""depth_bound""]}"
attestArmMin,G8,5,5,1.0,KEEP,1.0,"{""KEEP (pin)"": 20}","{""\""5\"""": 20}","{""full"": 5, ""last365"": 5, ""2021-22"": 5, ""2025-26"": 5}","{""bootstrap"": 5, ""martingale"": 5, ""regime"": 5}","{""20261003"": 5, ""20261004"": 5, ""20261005"": 5}",,20,5,median,20,20,{}
attestArmDelay,G8,1152,1152,1.0,KEEP,1.0,"{""KEEP (pin)"": 20}","{""\""1152\"""": 20}","{""full"": 1152, ""last365"": 1152, ""2021-22"": 1152, ""2025-26"": 1152}","{""bootstrap"": 1152, ""martingale"": 1152, ""regime"": 1152}","{""20261003"": 1152, ""20261004"": 1152, ""20261005"": 1152}",,20,1152,median,20,20,{}
nSlots,G8,9,9,1.0,KEEP,1.0,"{""KEEP"": 20}","{""\""9\"""": 20}","{""full"": 9, ""last365"": 9, ""2021-22"": 9, ""2025-26"": 9}","{""bootstrap"": 9, ""martingale"": 9, ""regime"": 9}","{""20261003"": 9, ""20261004"": 9, ""20261005"": 9}",,20,9,median,20,20,{}
mSelect,G8,4,4,1.0,KEEP,1.0,"{""KEEP"": 20}","{""\""4\"""": 20}","{""full"": 4, ""last365"": 4, ""2021-22"": 4, ""2025-26"": 4}","{""bootstrap"": 4, ""martingale"": 4, ""regime"": 4}","{""20261003"": 4, ""20261004"": 4, ""20261005"": 4}",,20,4,median,20,20,{}
kSlack,G8,2,2,1.0,KEEP,1.0,"{""KEEP"": 20}","{""\""2\"""": 20}","{""full"": 2, ""last365"": 2, ""2021-22"": 2, ""2025-26"": 2}","{""bootstrap"": 2, ""martingale"": 2, ""regime"": 2}","{""20261003"": 2, ""20261004"": 2, ""20261005"": 2}",,20,2,feasibility,20,20,{}
bundleMax,G8,6,6,1.0,KEEP,1.0,"{""KEEP"": 20}","{""\""6\"""": 20}","{""full"": 6, ""last365"": 6, ""2021-22"": 6, ""2025-26"": 6}","{""bootstrap"": 6, ""martingale"": 6, ""regime"": 6}","{""20261003"": 6, ""20261004"": 6, ""20261005"": 6}",,20,6,median,20,20,{}
qLowBps,G8,3333,3333,1.0,KEEP,1.0,"{""KEEP"": 20}","{""\""3333\"""": 20}","{""full"": 3333, ""last365"": 3333, ""2021-22"": 3333, ""2025-26"": 3333}","{""bootstrap"": 3333, ""martingale"": 3333, ""regime"": 3333}","{""20261003"": 3333, ""20261004"": 3333, ""20261005"": 3333}",,20,3333,feasibility,20,20,{}
pinWindow,G8,288,288,1.0,KEEP,1.0,"{""KEEP"": 20}","{""\""288\"""": 20}","{""full"": 288, ""last365"": 288, ""2021-22"": 288, ""2025-26"": 288}","{""bootstrap"": 288, ""martingale"": 288, ""regime"": 288}","{""20261003"": 288, ""20261004"": 288, ""20261005"": 288}",,20,288,median,20,20,{}
pinMinTags,G8,3,3,1.0,KEEP,1.0,"{""KEEP"": 20}","{""\""3\"""": 20}","{""full"": 3, ""last365"": 3, ""2021-22"": 3, ""2025-26"": 3}","{""bootstrap"": 3, ""martingale"": 3, ""regime"": 3}","{""20261003"": 3, ""20261004"": 3, ""20261005"": 3}",,20,3,median,20,20,{}
pinMinBundles,G8,2,2,1.0,KEEP,1.0,"{""KEEP"": 20}","{""\""2\"""": 20}","{""full"": 2, ""last365"": 2, ""2021-22"": 2, ""2025-26"": 2}","{""bootstrap"": 2, ""martingale"": 2, ""regime"": 2}","{""20261003"": 2, ""20261004"": 2, ""20261005"": 2}",,20,2,feasibility,20,20,{}
emergencyPersist,G8,48,48,1.0,PROVISIONAL,1.0,"{""PROVISIONAL"": 20}","{""\""48\"""": 20}","{""full"": 48, ""last365"": 48, ""2021-22"": 48, ""2025-26"": 48}","{""bootstrap"": 48, ""martingale"": 48, ""regime"": 48}","{""20261003"": 48, ""20261004"": 48, ""20261005"": 48}",,20,48,feasibility,20,20,{}
emergencyNoticeTtl,G8,1152,1152,1.0,KEEP,1.0,"{""KEEP"": 20}","{""\""1152\"""": 20}","{""full"": 1152, ""last365"": 1152, ""2021-22"": 1152, ""2025-26"": 1152}","{""bootstrap"": 1152, ""martingale"": 1152, ""regime"": 1152}","{""20261003"": 1152, ""20261004"": 1152, ""20261005"": 1152}",,20,1152,feasibility,20,20,{}
bondMin,G8,2000000000000,2000000000000,1.0,KEEP,1.0,"{""KEEP"": 20}","{""\""2000000000000\"""": 20}","{""full"": 2000000000000, ""last365"": 2000000000000, ""2021-22"": 2000000000000, ""2025-26"": 2000000000000}","{""bootstrap"": 2000000000000, ""martingale"": 2000000000000, ""regime"": 2000000000000}","{""20261003"": 2000000000000, ""20261004"": 2000000000000, ""20261005"": 2000000000000}",,20,2000000000000,feasibility,20,20,{}
bondMaturity,G8,16128,16128,1.0,KEEP,1.0,"{""KEEP"": 20}","{""\""16128\"""": 20}","{""full"": 16128, ""last365"": 16128, ""2021-22"": 16128, ""2025-26"": 16128}","{""bootstrap"": 16128, ""martingale"": 16128, ""regime"": 16128}","{""20261003"": 16128, ""20261004"": 16128, ""20261005"": 16128}",,20,16128,feasibility,20,20,{}
ageCap,G8,207360,207360,1.0,KEEP,1.0,"{""KEEP"": 20}","{""\""207360\"""": 20}","{""full"": 207360, ""last365"": 207360, ""2021-22"": 207360, ""2025-26"": 207360}","{""bootstrap"": 207360, ""martingale"": 207360, ""regime"": 207360}","{""20261003"": 207360, ""20261004"": 207360, ""20261005"": 207360}",,20,207360,feasibility,20,20,{}
foundingWindow,G8,8064,8064,1.0,KEEP,1.0,"{""KEEP"": 20}","{""\""8064\"""": 20}","{""full"": 8064, ""last365"": 8064, ""2021-22"": 8064, ""2025-26"": 8064}","{""bootstrap"": 8064, ""martingale"": 8064, ""regime"": 8064}","{""20261003"": 8064, ""20261004"": 8064, ""20261005"": 8064}",,20,8064,median,20,20,{}
dormancyBlocks,G8,16128,16128,1.0,KEEP,1.0,"{""KEEP"": 20}","{""\""16128\"""": 20}","{""full"": 16128, ""last365"": 16128, ""2021-22"": 16128, ""2025-26"": 16128}","{""bootstrap"": 16128, ""martingale"": 16128, ""regime"": 16128}","{""20261003"": 16128, ""20261004"": 16128, ""20261005"": 16128}",,20,16128,feasibility,20,20,{}
dormancyMinBundles,G8,20,12,1.0,CHANGE,1.0,"{""CHANGE"": 20}","{""\""12\"""": 20}","{""full"": 12, ""last365"": 12, ""2021-22"": 12, ""2025-26"": 12}","{""bootstrap"": 12, ""martingale"": 12, ""regime"": 12}","{""20261003"": 12, ""20261004"": 12, ""20261005"": 12}",,20,15,feasibility,20,20,{}
dormancyCheck,G8,48,48,1.0,KEEP,1.0,"{""KEEP"": 20}","{""\""48\"""": 20}","{""full"": 48, ""last365"": 48, ""2021-22"": 48, ""2025-26"": 48}","{""bootstrap"": 48, ""martingale"": 48, ""regime"": 48}","{""20261003"": 48, ""20261004"": 48, ""20261005"": 48}",,20,48,median,20,20,{}
attestInterval,G8,10,10,1.0,KEEP,1.0,"{""KEEP"": 20}","{""\""10\"""": 20}","{""full"": 10, ""last365"": 10, ""2021-22"": 10, ""2025-26"": 10}","{""bootstrap"": 10, ""martingale"": 10, ""regime"": 10}","{""20261003"": 10, ""20261004"": 10, ""20261005"": 10}",,20,10,median,20,20,{}
minMint,G9,10000,10000,1.0,KEEP,1.0,"{""KEEP"": 20}","{""\""10000\"""": 20}","{""full"": 10000, ""last365"": 10000, ""2021-22"": 10000, ""2025-26"": 10000}","{""bootstrap"": 10000, ""martingale"": 10000, ""regime"": 10000}","{""20261003"": 10000, ""20261004"": 10000, ""20261005"": 10000}",,20,10000,median,20,20,{}
minOutput,G9,100,100,1.0,KEEP,1.0,"{""KEEP"": 20}","{""\""100\"""": 20}","{""full"": 100, ""last365"": 100, ""2021-22"": 100, ""2025-26"": 100}","{""bootstrap"": 100, ""martingale"": 100, ""regime"": 100}","{""20261003"": 100, ""20261004"": 100, ""20261005"": 100}",,20,100,median,20,20,{}
maxOutput,G9,10000000,10000000,1.0,KEEP,1.0,"{""KEEP"": 20}","{""\""10000000\"""": 20}","{""full"": 10000000, ""last365"": 10000000, ""2021-22"": 10000000, ""2025-26"": 10000000}","{""bootstrap"": 10000000, ""martingale"": 10000000, ""regime"": 10000000}","{""20261003"": 10000000, ""20261004"": 10000000, ""20261005"": 10000000}",,20,10000000,median,20,20,{}
residualMinZat,G9,100000,100000,1.0,KEEP,1.0,"{""KEEP"": 20}","{""\""100000\"""": 20}","{""full"": 100000, ""last365"": 100000, ""2021-22"": 100000, ""2025-26"": 100000}","{""bootstrap"": 100000, ""martingale"": 100000, ""regime"": 100000}","{""20261003"": 100000, ""20261004"": 100000, ""20261005"": 100000}",,20,100000,median,20,20,{}
carrierValue,G9,10000,10000,1.0,KEEP,1.0,"{""KEEP"": 20}","{""\""10000\"""": 20}","{""full"": 10000, ""last365"": 10000, ""2021-22"": 10000, ""2025-26"": 10000}","{""bootstrap"": 10000, ""martingale"": 10000, ""regime"": 10000}","{""20261003"": 10000, ""20261004"": 10000, ""20261005"": 10000}",,20,10000,median,20,20,{}
walletConfirmations,G9,6,24,1.0,CHANGE,1.0,"{""CHANGE (env)"": 20}","{""\""24\"""": 20}","{""full"": 24, ""last365"": 24, ""2021-22"": 24, ""2025-26"": 24}","{""bootstrap"": 24, ""martingale"": 24, ""regime"": 24}","{""20261003"": 24, ""20261004"": 24, ""20261005"": 24}",,20,24,feasibility,20,20,{}
DEFAULT_REF_LAG,G9,2,2,1.0,KEEP,1.0,"{""KEEP"": 20}","{""\""2\"""": 20}","{""full"": 2, ""last365"": 2, ""2021-22"": 2, ""2025-26"": 2}","{""bootstrap"": 2, ""martingale"": 2, ""regime"": 2}","{""20261003"": 2, ""20261004"": 2, ""20261005"": 2}",,20,2,feasibility,20,20,{}
